id,product_id,image_url,position
1,1,https://m.media-amazon.com/images/I/81Tj8G57-WL._SL1500_.jpg,0
2,1,https://m.media-amazon.com/images/I/61gWo7sMzpL._SL1080_.jpg,1
3,1,https://m.media-amazon.com/images/I/81nCNmgtLHL._SL1500_.jpg,2
4,1,https://m.media-amazon.com/images/I/61qDZQ6NOCL._SL1080_.jpg,3
5,1,https://m.media-amazon.com/images/I/61zp01WwseL._SL1080_.jpg,4
6,1,https://m.media-amazon.com/images/I/61iF-rP8xJL._SL1080_.jpg,5
7,1,https://m.media-amazon.com/images/I/71VUfsOv6UL._SL1500_.jpg,6
8,1,https://m.media-amazon.com/images/I/71CSjAsiHnL._SL1500_.jpg,7
9,1,https://m.media-amazon.com/images/I/51U+4FeBq3L._SL1500_.jpg,8
10,1,https://m.media-amazon.com/images/I/71sspiqdfsL._SL1500_.jpg,9
11,1,https://m.media-amazon.com/images/I/81fvJauBWDL._SL1500_.jpg,10
12,1,https://m.media-amazon.com/images/I/61hqaRHpl7L._SL1080_.jpg,11
13,1,https://m.media-amazon.com/images/I/61pGi-72gaL._SL1080_.jpg,12
14,1,https://m.media-amazon.com/images/I/71nGEg04PtL._SL1500_.jpg,13
15,1,https://m.media-amazon.com/images/I/61TsK2FwDNL._SL1080_.jpg,14
16,1,https://m.media-amazon.com/images/I/61S+RtC-6KL._SL1080_.jpg,15
17,1,https://m.media-amazon.com/images/I/61-hOqjqGCL._SL1080_.jpg,16
18,1,https://m.media-amazon.com/images/I/61uc663wFgL._SL1080_.jpg,17
19,1,https://m.media-amazon.com/images/I/7182A3HpuML._SL1500_.jpg,18
20,1,https://m.media-amazon.com/images/I/716ooz0iK8L._SL1500_.jpg,19
21,1,https://m.media-amazon.com/images/I/61M-6cVUVDL._SL1500_.jpg,20
22,1,https://m.media-amazon.com/images/I/8169tiQDEHL._SL1500_.jpg,21
23,1,https://m.media-amazon.com/images/I/81iiHfKu-iL._SL1500_.jpg,22
24,1,https://m.media-amazon.com/images/I/51R3TKLjTwL._SL1080_.jpg,23
25,1,https://m.media-amazon.com/images/I/61o5qu9M3mL._SL1080_.jpg,24
26,1,https://m.media-amazon.com/images/I/61cNDl0PttL._SL1080_.jpg,25
27,1,https://m.media-amazon.com/images/I/61ApAZetTEL._SL1080_.jpg,26
28,1,https://m.media-amazon.com/images/I/615dpbWAbaL._SL1080_.jpg,27
29,1,https://m.media-amazon.com/images/I/61ZALQlYqOL._SL1500_.jpg,28
30,1,https://m.media-amazon.com/images/I/51kcCwBLDzL._SL1500_.jpg,29
31,1,https://m.media-amazon.com/images/I/51pk+pcxkkL._SL1500_.jpg,30
32,1,https://m.media-amazon.com/images/I/51ttDF6-FuL._SL1500_.jpg,31
33,1,https://m.media-amazon.com/images/I/71V--AbrwwL._SL1500_.jpg,32
34,1,https://m.media-amazon.com/images/I/61nGT2qRCaL._SL1500_.jpg,33
35,1,https://m.media-amazon.com/images/I/51sz9Jvxi5L._SL1500_.jpg,34
36,1,https://m.media-amazon.com/images/I/51EFSl7ox3L._SL1500_.jpg,35
37,1,https://m.media-amazon.com/images/I/51jc3cxXtLL._SL1500_.jpg,36
38,1,https://m.media-amazon.com/images/I/71CENs9GqqL._SL1500_.jpg,37
39,1,https://m.media-amazon.com/images/I/419bDHuFkwL._SS40_.jpg,38
40,1,"https://m.media-amazon.com/images/I/51VyWUVy0KL.SS40_BG85,85,85_BR-120_PKdp-play-icon-overlay__.jpg",39
41,1,https://m.media-amazon.com/images/I/41qimFvV8-L._SS40_.jpg,40
42,1,https://m.media-amazon.com/images/I/517QP4TEAUL._SS40_.jpg,41
43,1,https://m.media-amazon.com/images/I/518vah6O-pL._SS40_.jpg,42
44,1,https://m.media-amazon.com/images/I/41LLO3rIZlL._SS40_.jpg,43
45,1,https://m.media-amazon.com/images/I/41IgTxyB8EL._SS40_.jpg,44
46,2,https://m.media-amazon.com/images/I/61nTNphSBvL._SL1500_.jpg,0
47,2,https://m.media-amazon.com/images/I/61DBwMU6QyL._SL1200_.jpg,1
48,2,https://m.media-amazon.com/images/I/71RmM9Ar9bL._SL1500_.jpg,2
49,2,https://m.media-amazon.com/images/I/71bVMtDKytL._SL1500_.jpg,3
50,2,https://m.media-amazon.com/images/I/61fKCsXpfWL._SL1200_.jpg,4
51,2,https://m.media-amazon.com/images/I/710gjmwJBcL._SL1200_.jpg,5
52,2,https://m.media-amazon.com/images/I/61yKwXD5HgL._SL1200_.jpg,6
53,2,https://m.media-amazon.com/images/I/71YOb3ipqaL._SL1500_.jpg,7
54,2,https://m.media-amazon.com/images/I/71Pu3LD-S7L._SL1200_.jpg,8
55,2,https://m.media-amazon.com/images/I/61ooNY8CScL._SL1200_.jpg,9
56,2,https://m.media-amazon.com/images/I/71m6umYCi2L._SL1200_.jpg,10
57,2,https://m.media-amazon.com/images/I/71Sb5gavibL._SL1200_.jpg,11
58,2,https://m.media-amazon.com/images/I/71ycW+AeqxL._SL1500_.jpg,12
59,2,https://m.media-amazon.com/images/I/61Wi0n7lvrL._SL1200_.jpg,13
60,2,https://m.media-amazon.com/images/I/71S14jsAl3L._SL1500_.jpg,14
61,2,https://m.media-amazon.com/images/I/61xBASwU+zL._SL1500_.jpg,15
62,2,https://m.media-amazon.com/images/I/61I+m6cm0FL._SL1200_.jpg,16
63,2,https://m.media-amazon.com/images/I/71eZV85uR0L._SL1500_.jpg,17
64,2,https://m.media-amazon.com/images/I/71RL6QQz2BL._SL1500_.jpg,18
65,2,https://m.media-amazon.com/images/I/61oby1pTjrL._SL1080_.jpg,19
66,2,https://m.media-amazon.com/images/I/81x9vxrPFwS._SL1500_.jpg,20
67,2,https://m.media-amazon.com/images/I/71qjrflt4nL._SL1500_.jpg,21
68,2,https://m.media-amazon.com/images/I/61hZjjFLEoL._SL1200_.jpg,22
69,2,https://m.media-amazon.com/images/I/61WbJrVCbpL._SL1200_.jpg,23
70,2,https://m.media-amazon.com/images/I/61E9675HiEL._SL1200_.jpg,24
71,2,https://m.media-amazon.com/images/I/71kQH1fll3L._SL1500_.jpg,25
72,2,https://m.media-amazon.com/images/I/7123935liaL._SL1200_.jpg,26
73,2,https://m.media-amazon.com/images/I/716M6nhaxPL._SL1200_.jpg,27
74,2,https://m.media-amazon.com/images/I/61mbkijKbIL._SL1200_.jpg,28
75,2,https://m.media-amazon.com/images/I/61Qebnu61UL._SL1200_.jpg,29
76,2,https://m.media-amazon.com/images/I/71vcuU6rCbL._SL1200_.jpg,30
77,2,https://m.media-amazon.com/images/I/71mVBuqdbGL._SL1200_.jpg,31
78,2,https://m.media-amazon.com/images/I/61e+OkgwGoL._SL1200_.jpg,32
79,2,https://m.media-amazon.com/images/I/41Aw8+krn+L._SS40_.jpg,33
80,2,"https://m.media-amazon.com/images/I/51Z3bJNOiQL.SS40_BG85,85,85_BR-120_PKdp-play-icon-overlay__.jpg",34
81,2,https://m.media-amazon.com/images/I/41SeURqkliL._SS40_.jpg,35
82,2,https://m.media-amazon.com/images/I/51ltkenVRuL._SS40_.jpg,36
83,2,https://m.media-amazon.com/images/I/411E21N8J5L._SS40_.jpg,37
84,2,https://m.media-amazon.com/images/I/41eLuoGttPL._SS40_.jpg,38
85,2,https://m.media-amazon.com/images/I/51JEpjvr69L._SS40_.jpg,39
86,3,https://m.media-amazon.com/images/I/51ICwoX0f2L._SL1060_.jpg,0
87,3,https://m.media-amazon.com/images/I/51flR80qeBL._SL1000_.jpg,1
88,3,https://m.media-amazon.com/images/I/41kIqmz4S3L._SS40_.jpg,2
89,3,https://m.media-amazon.com/images/I/41b640jwXHL._SS40_.jpg,3
90,3,https://m.media-amazon.com/images/I/41Y2RI-3EQL._SS40_.jpg,4
91,3,https://m.media-amazon.com/images/I/41Fy3Ap+ArL._SS40_.jpg,5
92,3,https://m.media-amazon.com/images/I/21KAgwdr70L._SS40_.jpg,6
93,3,https://m.media-amazon.com/images/I/21Zct6yr+9L._SS40_.jpg,7
94,3,https://m.media-amazon.com/images/I/31vgjDQskqL._SS40_.jpg,8
114,5,https://m.media-amazon.com/images/I/719OMbh40jL._SL1500_.jpg,0
115,5,https://m.media-amazon.com/images/I/81Avu7s+J1L._SL1500_.jpg,1
116,5,https://m.media-amazon.com/images/I/7175DGXBksL._SL1000_.jpg,2
117,5,https://m.media-amazon.com/images/I/61Z6QDyooPL._SL1000_.jpg,3
118,5,https://m.media-amazon.com/images/I/71AWabt-B6L._SL1000_.jpg,4
119,5,https://m.media-amazon.com/images/I/61xdATyX1EL._SL1000_.jpg,5
120,5,https://m.media-amazon.com/images/I/61-Cw56LTlL._SL1000_.jpg,6
121,5,https://m.media-amazon.com/images/I/51DT+dvIcCL._SL1000_.jpg,7
122,5,https://m.media-amazon.com/images/I/61I+a92HL4L._SL1000_.jpg,8
123,5,https://m.media-amazon.com/images/I/61SyeF9fSaL._SL1000_.jpg,9
124,5,https://m.media-amazon.com/images/I/715gOOemnKL._SL1500_.jpg,10
125,5,https://m.media-amazon.com/images/I/71S2YjUCOGL._SL1500_.jpg,11
126,5,https://m.media-amazon.com/images/I/716yR0T86iL._SL1500_.jpg,12
127,5,https://m.media-amazon.com/images/I/81txq9GdORL._SL1500_.jpg,13
128,5,https://m.media-amazon.com/images/I/81JxSlH7iGL._SL1500_.jpg,14
129,5,https://m.media-amazon.com/images/I/71ogkzaA5jL._SL1500_.jpg,15
130,5,https://m.media-amazon.com/images/I/81EYWncWugL._SL1500_.jpg,16
131,5,https://m.media-amazon.com/images/I/71-kOZB7feL._SL1500_.jpg,17
132,5,https://m.media-amazon.com/images/I/81JyDFlHRrL._SL1500_.jpg,18
133,5,https://m.media-amazon.com/images/I/81WbQF-7fiL._SL1500_.jpg,19
134,5,https://m.media-amazon.com/images/I/81tm3HiVvlL._SL1500_.jpg,20
135,5,https://m.media-amazon.com/images/I/41OWB2CVTZL._SS40_.jpg,21
136,5,"https://m.media-amazon.com/images/I/81WC8sFeRSL.SS40_BG85,85,85_BR-120_PKdp-play-icon-overlay__.jpg",22
137,5,https://m.media-amazon.com/images/I/51ICaR7ZQTL._SS40_.jpg,23
138,5,https://m.media-amazon.com/images/I/51ETmzSh0DL._SS40_.jpg,24
139,5,https://m.media-amazon.com/images/I/51C+v+WRLpL._SS40_.jpg,25
140,5,https://m.media-amazon.com/images/I/513LKd22EwL._SS40_.jpg,26
141,5,https://m.media-amazon.com/images/I/41jyZPwG6XL._SS40_.jpg,27
142,6,https://m.media-amazon.com/images/I/713nDmiZaML._SL1500_.jpg,0
143,6,https://m.media-amazon.com/images/I/719ITRJEaDL._SL1500_.jpg,1
144,6,https://m.media-amazon.com/images/I/81vqCUxNRML._SL1500_.jpg,2
145,6,https://m.media-amazon.com/images/I/819YPWubCZL._SL1500_.jpg,3
146,6,https://m.media-amazon.com/images/I/81u3wq536ZL._SL1500_.jpg,4
147,6,https://m.media-amazon.com/images/I/8176T+kk5sL._SL1500_.jpg,5
148,6,https://m.media-amazon.com/images/I/71hdVRmdVOL._SL1500_.jpg,6
149,6,https://m.media-amazon.com/images/I/81K+kg3WuVL._SL1500_.jpg,7
150,6,https://m.media-amazon.com/images/I/71LyU6IPMoL._SL1500_.jpg,8
151,6,https://m.media-amazon.com/images/I/81Xg6-p2ZGL._SL1500_.jpg,9
152,6,https://m.media-amazon.com/images/I/81eYv4ixpxL._SL1500_.jpg,10
153,6,https://m.media-amazon.com/images/I/71lmpgWjq-L._SL1500_.jpg,11
154,6,https://m.media-amazon.com/images/I/71XnyJeyw-L._SL1500_.jpg,12
155,6,https://m.media-amazon.com/images/I/71FXMBiJeyL._SL1500_.jpg,13
156,6,https://m.media-amazon.com/images/I/81WWDs678-L._SL1500_.jpg,14
157,6,https://m.media-amazon.com/images/I/81Sa6ZauTML._SL1500_.jpg,15
158,6,https://m.media-amazon.com/images/I/81CNdECVh4L._SL1500_.jpg,16
159,6,https://m.media-amazon.com/images/I/81ZfPI44MXL._SL1500_.jpg,17
160,6,https://m.media-amazon.com/images/I/71DcLmFeCQL._SL1500_.jpg,18
161,6,https://m.media-amazon.com/images/I/81AAwskAPPL._SL1500_.jpg,19
162,6,https://m.media-amazon.com/images/I/81Kaz8x7ajL._SL1500_.jpg,20
163,6,https://m.media-amazon.com/images/I/810G-7o3WXL._SL1500_.jpg,21
164,6,https://m.media-amazon.com/images/I/41Uym2du6jL._SS40_.jpg,22
165,6,"https://m.media-amazon.com/images/I/81OSPLJH5-L.SS40_BG85,85,85_BR-120_PKdp-play-icon-overlay__.jpg",23
166,6,https://m.media-amazon.com/images/I/41bPd9teXuL._SS40_.jpg,24
167,6,https://m.media-amazon.com/images/I/51vPjMZKDUL._SS40_.jpg,25
168,6,https://m.media-amazon.com/images/I/513VLbwDW6L._SS40_.jpg,26
169,6,https://m.media-amazon.com/images/I/514OCzQKwqL._SS40_.jpg,27
170,6,https://m.media-amazon.com/images/I/51BqFmOUFuL._SS40_.jpg,28
171,7,https://m.media-amazon.com/images/I/71+gQ9gOTuL._SL1500_.jpg,0
172,7,https://m.media-amazon.com/images/I/81VkqRHuCxL._SL1500_.jpg,1
173,7,https://m.media-amazon.com/images/I/71MSz1pC7jL._SL1500_.jpg,2
174,7,https://m.media-amazon.com/images/I/71nnhHzE9SL._SL1500_.jpg,3
175,7,https://m.media-amazon.com/images/I/81H7vrv1fuL._SL1500_.jpg,4
176,7,https://m.media-amazon.com/images/I/71p586uiaKL._SL1500_.jpg,5
177,7,https://m.media-amazon.com/images/I/71gzR3+tpvL._SL1500_.jpg,6
178,7,https://m.media-amazon.com/images/I/715R8+qhcSL._SL1500_.jpg,7
179,7,https://m.media-amazon.com/images/I/81Ulfg2py8L._SL1500_.jpg,8
180,7,https://m.media-amazon.com/images/I/81XOrGUiSSL._SL1500_.jpg,9
181,7,https://m.media-amazon.com/images/I/71rNfC0GZ8L._SL1500_.jpg,10
182,7,https://m.media-amazon.com/images/I/71tnpVMQpxL._SL1500_.jpg,11
183,7,https://m.media-amazon.com/images/I/71+JB9Cj2GL._SL1500_.jpg,12
184,7,https://m.media-amazon.com/images/I/71Qag5SpRrL._SL1500_.jpg,13
185,7,https://m.media-amazon.com/images/I/818RcPjOPgL._SL1500_.jpg,14
186,7,https://m.media-amazon.com/images/I/612Nc-slcRL._SL1500_.jpg,15
187,7,https://m.media-amazon.com/images/I/81l34arq7WL._SL1500_.jpg,16
188,7,https://m.media-amazon.com/images/I/813RmE4c6SL._SL1500_.jpg,17
189,7,https://m.media-amazon.com/images/I/81ZcukfGFnL._SL1500_.jpg,18
190,7,https://m.media-amazon.com/images/I/7155cOoZrEL._SL1500_.jpg,19
191,7,https://m.media-amazon.com/images/I/81-Av7jqPcL._SL1500_.jpg,20
192,7,https://m.media-amazon.com/images/I/91IH1-FU++L._SL1500_.jpg,21
193,7,https://m.media-amazon.com/images/I/81TmQvdnz8L._SL1500_.jpg,22
194,7,https://m.media-amazon.com/images/I/81d2jf8GAmL._SL1500_.jpg,23
195,7,https://m.media-amazon.com/images/I/81fuSXfnbRL._SL1500_.jpg,24
196,7,https://m.media-amazon.com/images/I/71f3EVomD2L._SL1500_.jpg,25
197,7,https://m.media-amazon.com/images/I/8111QaoZN6L._SL1500_.jpg,26
198,7,https://m.media-amazon.com/images/I/412UMSXXm-L._SS40_.jpg,27
199,7,"https://m.media-amazon.com/images/I/81rA3v7qCiL.SS40_BG85,85,85_BR-120_PKdp-play-icon-overlay__.jpg",28
200,7,https://m.media-amazon.com/images/I/51eNRE9GyjL._SS40_.jpg,29
201,7,https://m.media-amazon.com/images/I/41y-aNMICwL._SS40_.jpg,30
202,7,https://m.media-amazon.com/images/I/41RrxmxUduL._SS40_.jpg,31
203,7,https://m.media-amazon.com/images/I/51rIoimQtxL._SS40_.jpg,32
204,7,https://m.media-amazon.com/images/I/411YlblzxfL._SS40_.jpg,33
205,8,https://m.media-amazon.com/images/I/71J2F-6lIPL._SL1500_.jpg,0
206,8,https://m.media-amazon.com/images/I/71SKhdsTTfL._SL1500_.jpg,1
207,8,https://m.media-amazon.com/images/I/81LM+uq6AqL._SL1500_.jpg,2
208,8,https://m.media-amazon.com/images/I/81yRUmXKt3L._SL1500_.jpg,3
209,8,https://m.media-amazon.com/images/I/81kECC+7tSL._SL1500_.jpg,4
210,8,https://m.media-amazon.com/images/I/81BjDx2e30L._SL1500_.jpg,5
211,8,https://m.media-amazon.com/images/I/71RvPOvSMyL._SL1500_.jpg,6
212,8,https://m.media-amazon.com/images/I/81UanVeJqrL._SL1500_.jpg,7
213,8,https://m.media-amazon.com/images/I/71udhYaPVTL._SL1500_.jpg,8
214,8,https://m.media-amazon.com/images/I/81t95-W2scL._SL1500_.jpg,9
215,8,https://m.media-amazon.com/images/I/71IhX3sqEEL._SL1500_.jpg,10
216,8,https://m.media-amazon.com/images/I/71uR7zVqHpL._SL1500_.jpg,11
217,8,https://m.media-amazon.com/images/I/71o9VQvXooL._SL1500_.jpg,12
218,8,https://m.media-amazon.com/images/I/41hLOeOHVpL._SS40_.jpg,13
219,8,"https://m.media-amazon.com/images/I/51hOK+I0CTL.SS40_BG85,85,85_BR-120_PKdp-play-icon-overlay__.jpg",14
220,8,https://m.media-amazon.com/images/I/51TQvZoRbZL._SS40_.jpg,15
221,8,https://m.media-amazon.com/images/I/51Wa2oe3XHL._SS40_.jpg,16
222,8,https://m.media-amazon.com/images/I/51CAw9HaSKL._SS40_.jpg,17
223,8,https://m.media-amazon.com/images/I/51pMAzKx21L._SS40_.jpg,18
224,8,https://m.media-amazon.com/images/I/51GQg7-Zz7L._SS40_.jpg,19
225,9,https://m.media-amazon.com/images/I/61k0gpxQwCL._SL1080_.jpg,0
226,9,https://m.media-amazon.com/images/I/715tDe1ADAL._SL1000_.jpg,1
227,9,https://m.media-amazon.com/images/I/61Xkk+I8kGL._SL1000_.jpg,2
228,9,https://m.media-amazon.com/images/I/61zDpKrm9KL._SL1000_.jpg,3
229,9,https://m.media-amazon.com/images/I/61keRkmSGBL._SL1080_.jpg,4
230,9,https://m.media-amazon.com/images/I/61DGTh5pVfL._SL1000_.jpg,5
231,9,https://m.media-amazon.com/images/I/61cQzA-BYwL._SL1000_.jpg,6
232,9,https://m.media-amazon.com/images/I/81aCWSKdz-L._SL1500_.jpg,7
233,9,https://m.media-amazon.com/images/I/71xcBBdAX9L._SL1500_.jpg,8
234,9,https://m.media-amazon.com/images/I/71T05W0naVL._SL1500_.jpg,9
235,9,https://m.media-amazon.com/images/I/81+lrkkpz6L._SL1500_.jpg,10
236,9,https://m.media-amazon.com/images/I/513p8BwV-RL._SL1080_.jpg,11
237,9,https://m.media-amazon.com/images/I/91uEdp5TfjL._SL1500_.jpg,12
238,9,https://m.media-amazon.com/images/I/51+tpdYgxDL._SL1000_.jpg,13
239,9,https://m.media-amazon.com/images/I/81iZd--MhCL._SL1500_.jpg,14
240,9,https://m.media-amazon.com/images/I/31sFGwOZc9L._SL1000_.jpg,15
241,9,https://m.media-amazon.com/images/I/51KL3aOZ0tL._SL1000_.jpg,16
242,9,https://m.media-amazon.com/images/I/61csZ3xekyL._SL1000_.jpg,17
243,9,https://m.media-amazon.com/images/I/61-K4aTFoBL._SL1000_.jpg,18
244,9,https://m.media-amazon.com/images/I/61K-rBqZ++L._SL1000_.jpg,19
245,9,https://m.media-amazon.com/images/I/713A3qzdRFL._SL1500_.jpg,20
246,9,https://m.media-amazon.com/images/I/61kQr1DjygL._SL1000_.jpg,21
247,9,https://m.media-amazon.com/images/I/71UGjCujX9L._SL1500_.jpg,22
248,9,https://m.media-amazon.com/images/I/519SjAOtYBL._SL1080_.jpg,23
249,9,https://m.media-amazon.com/images/I/81zSJXFwFaL._SL1500_.jpg,24
250,9,https://m.media-amazon.com/images/I/81m6AePYhOL._SL1500_.jpg,25
251,9,https://m.media-amazon.com/images/I/61COFhB5dmL._SL1080_.jpg,26
252,9,https://m.media-amazon.com/images/I/61+Np+llHSL._SL1080_.jpg,27
253,9,https://m.media-amazon.com/images/I/81WbQF-7fiL._SL1500_.jpg,28
254,9,https://m.media-amazon.com/images/I/51yRbqmEafL._SL1500_.jpg,29
255,9,https://m.media-amazon.com/images/I/41GASGua+cL._SL1500_.jpg,30
256,9,https://m.media-amazon.com/images/I/71CwTnnm7UL._SL1500_.jpg,31
257,9,https://m.media-amazon.com/images/I/71e1oksYhpL._SL1500_.jpg,32
258,9,https://m.media-amazon.com/images/I/41jwNIIB3LL._SS40_.jpg,33
259,9,"https://m.media-amazon.com/images/I/81AQKXfHXlL.SS40_BG85,85,85_BR-120_PKdp-play-icon-overlay__.jpg",34
260,9,https://m.media-amazon.com/images/I/51vavfRDJdL._SS40_.jpg,35
261,9,https://m.media-amazon.com/images/I/41S2jRxa9vL._SS40_.jpg,36
262,9,https://m.media-amazon.com/images/I/41cXaau-HyL._SS40_.jpg,37
263,10,https://m.media-amazon.com/images/I/71xfR660ZmL._SL1500_.jpg,0
264,10,https://m.media-amazon.com/images/I/61QTVuJZmyL._SL1080_.jpg,1
265,10,https://m.media-amazon.com/images/I/61TsK2FwDNL._SL1080_.jpg,2
266,10,https://m.media-amazon.com/images/I/61S+RtC-6KL._SL1080_.jpg,3
267,10,https://m.media-amazon.com/images/I/61-hOqjqGCL._SL1080_.jpg,4
268,10,https://m.media-amazon.com/images/I/61b4V9f1PlL._SL1080_.jpg,5
269,10,https://m.media-amazon.com/images/I/7182A3HpuML._SL1500_.jpg,6
270,10,https://m.media-amazon.com/images/I/61M-6cVUVDL._SL1500_.jpg,7
271,10,https://m.media-amazon.com/images/I/61UjxQh+aYL._SL1080_.jpg,8
272,10,https://m.media-amazon.com/images/I/61-BVUAst8L._SL1080_.jpg,9
273,10,https://m.media-amazon.com/images/I/61kpqFi9TeL._SL1080_.jpg,10
274,10,https://m.media-amazon.com/images/I/51skmLu+MwL._SL1080_.jpg,11
275,10,https://m.media-amazon.com/images/I/61f2hcFLZaL._SL1080_.jpg,12
276,10,https://m.media-amazon.com/images/I/51oHTIqXXAL._SL1500_.jpg,13
277,10,https://m.media-amazon.com/images/I/71ZH8LfJW+L._SL1500_.jpg,14
278,10,https://m.media-amazon.com/images/I/61t+mAzr1VL._SL1080_.jpg,15
279,10,https://m.media-amazon.com/images/I/61Xysh6901L._SL1080_.jpg,16
280,10,https://m.media-amazon.com/images/I/61oaotiq6ZL._SL1080_.jpg,17
281,10,https://m.media-amazon.com/images/I/617xYw3SlLL._SL1080_.jpg,18
282,10,https://m.media-amazon.com/images/I/61mueMya4bL._SL1080_.jpg,19
283,10,https://m.media-amazon.com/images/I/51yWRfmR5iL._SL1080_.jpg,20
284,10,https://m.media-amazon.com/images/I/71b035rOx9L._SL1500_.jpg,21
285,10,https://m.media-amazon.com/images/I/61NEk+djs2L._SL1000_.jpg,22
286,10,https://m.media-amazon.com/images/I/51ZeST+RpyL._SL1000_.jpg,23
287,10,https://m.media-amazon.com/images/I/61fgtdhM77L._SL1000_.jpg,24
288,10,https://m.media-amazon.com/images/I/61Pnh5HA6SL._SL1000_.jpg,25
289,10,https://m.media-amazon.com/images/I/517dQ8AjwyL._SL1020_.jpg,26
290,10,https://m.media-amazon.com/images/I/612ealjuNbL._SL1080_.jpg,27
291,10,https://m.media-amazon.com/images/I/61WrWUiYifL._SL1080_.jpg,28
292,10,https://m.media-amazon.com/images/I/51NUKxgvKUL._SL1080_.jpg,29
293,10,https://m.media-amazon.com/images/I/81lN7d4v2ZL._SL1500_.jpg,30
294,10,https://m.media-amazon.com/images/I/81epBowa4UL._SL1500_.jpg,31
295,10,https://m.media-amazon.com/images/I/71-m3ZFTcgL._SL1500_.jpg,32
296,10,https://m.media-amazon.com/images/I/41jlazl7-VL._SS40_.jpg,33
297,10,"https://m.media-amazon.com/images/I/51TgT6wdOEL.SS40_BG85,85,85_BR-120_PKdp-play-icon-overlay__.jpg",34
298,10,https://m.media-amazon.com/images/I/41C8m5pK-yL._SS40_.jpg,35
299,10,https://m.media-amazon.com/images/I/51btCDm1wBL._SS40_.jpg,36
300,10,https://m.media-amazon.com/images/I/41WjIEDOkyL._SS40_.jpg,37
301,10,https://m.media-amazon.com/images/I/51zcVe0byKL._SS40_.jpg,38
302,10,https://m.media-amazon.com/images/I/41Z+6xKzlSL._SS40_.jpg,39
303,11,https://m.media-amazon.com/images/I/6179wxBERlL._SL1500_.jpg,0
304,11,https://m.media-amazon.com/images/I/71zHp0bkOGL._SL1500_.jpg,1
305,11,https://m.media-amazon.com/images/I/71Ze2shBKPL._SL1500_.jpg,2
306,11,https://m.media-amazon.com/images/I/81rkWVShToL._SL1500_.jpg,3
307,11,https://m.media-amazon.com/images/I/71Tx9xffzEL._SL1500_.jpg,4
308,11,https://m.media-amazon.com/images/I/81-cfCiP-7L._SL1500_.jpg,5
309,11,https://m.media-amazon.com/images/I/81OUCIX6PkL._SL1500_.jpg,6
310,11,https://m.media-amazon.com/images/I/71dTEavHhQL._SL1500_.jpg,7
311,11,https://m.media-amazon.com/images/I/71r9e6JI1WL._SL1500_.jpg,8
312,11,https://m.media-amazon.com/images/I/71qsLu2r6oL._SL1500_.jpg,9
313,11,https://m.media-amazon.com/images/I/71ApMZPB4yL._SL1500_.jpg,10
314,11,https://m.media-amazon.com/images/I/61JpYRQgKxL._SL1500_.jpg,11
315,11,https://m.media-amazon.com/images/I/41jiVOySFzL._SS40_.jpg,12
316,11,"https://m.media-amazon.com/images/I/51babKyo1RL.SS40_BG85,85,85_BR-120_PKdp-play-icon-overlay__.jpg",13
317,11,https://m.media-amazon.com/images/I/41Szr-sdW9L._SS40_.jpg,14
318,11,https://m.media-amazon.com/images/I/41hIifJXapL._SS40_.jpg,15
319,11,https://m.media-amazon.com/images/I/51PZsr-pH9L._SS40_.jpg,16
320,11,https://m.media-amazon.com/images/I/51vsxMrpJTL._SS40_.jpg,17
321,11,https://m.media-amazon.com/images/I/51W-9938DFL._SS40_.jpg,18
322,12,https://m.media-amazon.com/images/I/513p8BwV-RL._SL1080_.jpg,0
323,12,https://m.media-amazon.com/images/I/61K-rBqZ++L._SL1000_.jpg,1
324,12,https://m.media-amazon.com/images/I/61cQzA-BYwL._SL1000_.jpg,2
325,12,https://m.media-amazon.com/images/I/81aCWSKdz-L._SL1500_.jpg,3
326,12,https://m.media-amazon.com/images/I/71xcBBdAX9L._SL1500_.jpg,4
327,12,https://m.media-amazon.com/images/I/71T05W0naVL._SL1500_.jpg,5
328,12,https://m.media-amazon.com/images/I/81+lrkkpz6L._SL1500_.jpg,6
329,12,https://m.media-amazon.com/images/I/61k0gpxQwCL._SL1080_.jpg,7
330,12,https://m.media-amazon.com/images/I/715tDe1ADAL._SL1000_.jpg,8
331,12,https://m.media-amazon.com/images/I/61Xkk+I8kGL._SL1000_.jpg,9
332,12,https://m.media-amazon.com/images/I/61zDpKrm9KL._SL1000_.jpg,10
333,12,https://m.media-amazon.com/images/I/61keRkmSGBL._SL1080_.jpg,11
334,12,https://m.media-amazon.com/images/I/61DGTh5pVfL._SL1000_.jpg,12
335,12,https://m.media-amazon.com/images/I/91uEdp5TfjL._SL1500_.jpg,13
336,12,https://m.media-amazon.com/images/I/51+tpdYgxDL._SL1000_.jpg,14
337,12,https://m.media-amazon.com/images/I/81iZd--MhCL._SL1500_.jpg,15
338,12,https://m.media-amazon.com/images/I/31sFGwOZc9L._SL1000_.jpg,16
339,12,https://m.media-amazon.com/images/I/51KL3aOZ0tL._SL1000_.jpg,17
340,12,https://m.media-amazon.com/images/I/61csZ3xekyL._SL1000_.jpg,18
341,12,https://m.media-amazon.com/images/I/61-K4aTFoBL._SL1000_.jpg,19
342,12,https://m.media-amazon.com/images/I/713A3qzdRFL._SL1500_.jpg,20
343,12,https://m.media-amazon.com/images/I/61kQr1DjygL._SL1000_.jpg,21
344,12,https://m.media-amazon.com/images/I/71UGjCujX9L._SL1500_.jpg,22
345,12,https://m.media-amazon.com/images/I/519SjAOtYBL._SL1080_.jpg,23
346,12,https://m.media-amazon.com/images/I/81zSJXFwFaL._SL1500_.jpg,24
347,12,https://m.media-amazon.com/images/I/81m6AePYhOL._SL1500_.jpg,25
348,12,https://m.media-amazon.com/images/I/61COFhB5dmL._SL1080_.jpg,26
349,12,https://m.media-amazon.com/images/I/61+Np+llHSL._SL1080_.jpg,27
350,12,https://m.media-amazon.com/images/I/81WbQF-7fiL._SL1500_.jpg,28
351,12,https://m.media-amazon.com/images/I/51yRbqmEafL._SL1500_.jpg,29
352,12,https://m.media-amazon.com/images/I/41GASGua+cL._SL1500_.jpg,30
353,12,https://m.media-amazon.com/images/I/71CwTnnm7UL._SL1500_.jpg,31
354,12,https://m.media-amazon.com/images/I/71e1oksYhpL._SL1500_.jpg,32
355,12,https://m.media-amazon.com/images/I/41dKxEFUTrL._SS40_.jpg,33
356,12,"https://m.media-amazon.com/images/I/81d6vryT7TL.SS40_BG85,85,85_BR-120_PKdp-play-icon-overlay__.jpg",34
357,12,https://m.media-amazon.com/images/I/41rVhIV27qL._SS40_.jpg,35
358,12,https://m.media-amazon.com/images/I/41LxQEhRZlL._SS40_.jpg,36
359,12,https://m.media-amazon.com/images/I/51taZ0iCRTL._SS40_.jpg,37
360,12,https://m.media-amazon.com/images/I/51wUh-liISL._SS40_.jpg,38
361,12,https://m.media-amazon.com/images/I/5161SiWLMwL._SS40_.jpg,39
362,13,https://m.media-amazon.com/images/I/61xBASwU+zL._SL1500_.jpg,0
363,13,https://m.media-amazon.com/images/I/61I+m6cm0FL._SL1200_.jpg,1
364,13,https://m.media-amazon.com/images/I/71RmM9Ar9bL._SL1500_.jpg,2
365,13,https://m.media-amazon.com/images/I/71bVMtDKytL._SL1500_.jpg,3
366,13,https://m.media-amazon.com/images/I/61fKCsXpfWL._SL1200_.jpg,4
367,13,https://m.media-amazon.com/images/I/61yKwXD5HgL._SL1200_.jpg,5
368,13,https://m.media-amazon.com/images/I/61ooNY8CScL._SL1200_.jpg,6
369,13,https://m.media-amazon.com/images/I/71YOb3ipqaL._SL1500_.jpg,7
370,13,https://m.media-amazon.com/images/I/71m6umYCi2L._SL1200_.jpg,8
371,13,https://m.media-amazon.com/images/I/71Pu3LD-S7L._SL1200_.jpg,9
372,13,https://m.media-amazon.com/images/I/71Sb5gavibL._SL1200_.jpg,10
373,13,https://m.media-amazon.com/images/I/710gjmwJBcL._SL1200_.jpg,11
374,13,https://m.media-amazon.com/images/I/71ycW+AeqxL._SL1500_.jpg,12
375,13,https://m.media-amazon.com/images/I/61Wi0n7lvrL._SL1200_.jpg,13
376,13,https://m.media-amazon.com/images/I/71S14jsAl3L._SL1500_.jpg,14
377,13,https://m.media-amazon.com/images/I/61DBwMU6QyL._SL1200_.jpg,15
378,13,https://m.media-amazon.com/images/I/71eZV85uR0L._SL1500_.jpg,16
379,13,https://m.media-amazon.com/images/I/61nTNphSBvL._SL1500_.jpg,17
380,13,https://m.media-amazon.com/images/I/71RL6QQz2BL._SL1500_.jpg,18
381,13,https://m.media-amazon.com/images/I/61oby1pTjrL._SL1080_.jpg,19
382,13,https://m.media-amazon.com/images/I/81x9vxrPFwS._SL1500_.jpg,20
383,13,https://m.media-amazon.com/images/I/71qjrflt4nL._SL1500_.jpg,21
384,13,https://m.media-amazon.com/images/I/61hZjjFLEoL._SL1200_.jpg,22
385,13,https://m.media-amazon.com/images/I/61WbJrVCbpL._SL1200_.jpg,23
386,13,https://m.media-amazon.com/images/I/61E9675HiEL._SL1200_.jpg,24
387,13,https://m.media-amazon.com/images/I/71kQH1fll3L._SL1500_.jpg,25
388,13,https://m.media-amazon.com/images/I/7123935liaL._SL1200_.jpg,26
389,13,https://m.media-amazon.com/images/I/716M6nhaxPL._SL1200_.jpg,27
390,13,https://m.media-amazon.com/images/I/61mbkijKbIL._SL1200_.jpg,28
391,13,https://m.media-amazon.com/images/I/61Qebnu61UL._SL1200_.jpg,29
392,13,https://m.media-amazon.com/images/I/71vcuU6rCbL._SL1200_.jpg,30
393,13,https://m.media-amazon.com/images/I/71mVBuqdbGL._SL1200_.jpg,31
394,13,https://m.media-amazon.com/images/I/61e+OkgwGoL._SL1200_.jpg,32
395,13,https://m.media-amazon.com/images/I/41amvUQAedL._SS40_.jpg,33
396,13,"https://m.media-amazon.com/images/I/51aCr59Lw4L.SS40_BG85,85,85_BR-120_PKdp-play-icon-overlay__.jpg",34
397,13,https://m.media-amazon.com/images/I/41g83MTULOL._SS40_.jpg,35
398,13,https://m.media-amazon.com/images/I/51ltkenVRuL._SS40_.jpg,36
399,13,https://m.media-amazon.com/images/I/411E21N8J5L._SS40_.jpg,37
400,13,https://m.media-amazon.com/images/I/41eLuoGttPL._SS40_.jpg,38
401,13,https://m.media-amazon.com/images/I/51iY8vWBPuL._SS40_.jpg,39
402,14,https://m.media-amazon.com/images/I/61SJHAQfHwL._SL1500_.jpg,0
403,14,https://m.media-amazon.com/images/I/81iFQlgHiQL._SL1500_.jpg,1
404,14,https://m.media-amazon.com/images/I/81bjL1e-3+L._SL1500_.jpg,2
405,14,https://m.media-amazon.com/images/I/81VLg08MT+L._SL1500_.jpg,3
406,14,https://m.media-amazon.com/images/I/81N4oQo6P2L._SL1500_.jpg,4
407,14,https://m.media-amazon.com/images/I/91mOtaFVFtL._SL1500_.jpg,5
408,14,https://m.media-amazon.com/images/I/71KSFCoflbL._SL1500_.jpg,6
409,14,https://m.media-amazon.com/images/I/9172eCL-X9L._SL1500_.jpg,7
410,14,https://m.media-amazon.com/images/I/717d4ZC7CLL._SL1500_.jpg,8
411,14,https://m.media-amazon.com/images/I/91v1YmgEnHL._SL1500_.jpg,9
412,14,https://m.media-amazon.com/images/I/81qG7lDQvOL._SL1500_.jpg,10
413,14,https://m.media-amazon.com/images/I/81TsdB21-vL._SL1500_.jpg,11
414,14,https://m.media-amazon.com/images/I/81gX3FLO9fL._SL1500_.jpg,12
415,14,https://m.media-amazon.com/images/I/719tvTRBMCL._SL1500_.jpg,13
416,14,https://m.media-amazon.com/images/I/71URKMiLTKL._SL1500_.jpg,14
417,14,https://m.media-amazon.com/images/I/41P5cxLKiZL._SS40_.jpg,15
418,14,"https://m.media-amazon.com/images/I/51kdRCXVw+L.SS40_BG85,85,85_BR-120_PKdp-play-icon-overlay__.jpg",16
419,14,https://m.media-amazon.com/images/I/51ijJ4541SL._SS40_.jpg,17
420,14,https://m.media-amazon.com/images/I/41D1IPmiOWL._SS40_.jpg,18
421,14,https://m.media-amazon.com/images/I/51mDXdNFn1L._SS40_.jpg,19
422,14,https://m.media-amazon.com/images/I/41LI0mWf9eL._SS40_.jpg,20
423,14,https://m.media-amazon.com/images/I/51sGlf0mrlL._SS40_.jpg,21
424,15,https://m.media-amazon.com/images/I/71lmpgWjq-L._SL1500_.jpg,0
425,15,https://m.media-amazon.com/images/I/71XnyJeyw-L._SL1500_.jpg,1
426,15,https://m.media-amazon.com/images/I/71FXMBiJeyL._SL1500_.jpg,2
427,15,https://m.media-amazon.com/images/I/81WWDs678-L._SL1500_.jpg,3
428,15,https://m.media-amazon.com/images/I/81Sa6ZauTML._SL1500_.jpg,4
429,15,https://m.media-amazon.com/images/I/81CNdECVh4L._SL1500_.jpg,5
430,15,https://m.media-amazon.com/images/I/81ZfPI44MXL._SL1500_.jpg,6
431,15,https://m.media-amazon.com/images/I/71DcLmFeCQL._SL1500_.jpg,7
432,15,https://m.media-amazon.com/images/I/81AAwskAPPL._SL1500_.jpg,8
433,15,https://m.media-amazon.com/images/I/81Kaz8x7ajL._SL1500_.jpg,9
434,15,https://m.media-amazon.com/images/I/810G-7o3WXL._SL1500_.jpg,10
435,15,https://m.media-amazon.com/images/I/713nDmiZaML._SL1500_.jpg,11
436,15,https://m.media-amazon.com/images/I/719ITRJEaDL._SL1500_.jpg,12
437,15,https://m.media-amazon.com/images/I/81vqCUxNRML._SL1500_.jpg,13
438,15,https://m.media-amazon.com/images/I/819YPWubCZL._SL1500_.jpg,14
439,15,https://m.media-amazon.com/images/I/81u3wq536ZL._SL1500_.jpg,15
440,15,https://m.media-amazon.com/images/I/8176T+kk5sL._SL1500_.jpg,16
441,15,https://m.media-amazon.com/images/I/71hdVRmdVOL._SL1500_.jpg,17
442,15,https://m.media-amazon.com/images/I/81K+kg3WuVL._SL1500_.jpg,18
443,15,https://m.media-amazon.com/images/I/71LyU6IPMoL._SL1500_.jpg,19
444,15,https://m.media-amazon.com/images/I/81Xg6-p2ZGL._SL1500_.jpg,20
445,15,https://m.media-amazon.com/images/I/81eYv4ixpxL._SL1500_.jpg,21
446,15,https://m.media-amazon.com/images/I/41w5UqkLyVL._SS40_.jpg,22
447,15,"https://m.media-amazon.com/images/I/41dbH5d382L.SS40_BG85,85,85_BR-120_PKdp-play-icon-overlay__.jpg",23
448,15,https://m.media-amazon.com/images/I/41hjSK-LfsL._SS40_.jpg,24
449,15,https://m.media-amazon.com/images/I/41ppnM7qXJL._SS40_.jpg,25
450,15,https://m.media-amazon.com/images/I/51-EYhaR5bL._SS40_.jpg,26
451,15,https://m.media-amazon.com/images/I/51gYr5HreJL._SS40_.jpg,27
452,15,https://m.media-amazon.com/images/I/51HSk3XGE+L._SS40_.jpg,28
453,16,https://m.media-amazon.com/images/I/71qiPf4GlIL._SL1500_.jpg,0
454,16,https://m.media-amazon.com/images/I/81FNQ7euoXL._SL1500_.jpg,1
455,16,https://m.media-amazon.com/images/I/81a54xlSk3L._SL1500_.jpg,2
456,16,https://m.media-amazon.com/images/I/71Ds9UTkFSL._SL1500_.jpg,3
457,16,https://m.media-amazon.com/images/I/71TcP0M1niL._SL1500_.jpg,4
458,16,https://m.media-amazon.com/images/I/713yyL2WDbL._SL1500_.jpg,5
459,16,https://m.media-amazon.com/images/I/81VeLoQHeUL._SL1500_.jpg,6
460,16,https://m.media-amazon.com/images/I/81xaFSgY1LL._SL1500_.jpg,7
461,16,https://m.media-amazon.com/images/I/712B4BVbIiL._SL1500_.jpg,8
462,16,https://m.media-amazon.com/images/I/71lyXpCdW3L._SL1500_.jpg,9
463,16,https://m.media-amazon.com/images/I/81kkL7JWhWL._SL1500_.jpg,10
464,16,https://m.media-amazon.com/images/I/81rPgDkyf7L._SL1500_.jpg,11
465,16,https://m.media-amazon.com/images/I/71xwnvVa7dL._SL1500_.jpg,12
466,16,https://m.media-amazon.com/images/I/81iFx6cdC8L._SL1500_.jpg,13
467,16,https://m.media-amazon.com/images/I/81Hs8luNUNL._SL1500_.jpg,14
468,16,https://m.media-amazon.com/images/I/81AWLGX6mrL._SL1500_.jpg,15
469,16,https://m.media-amazon.com/images/I/71VfUwran5L._SL1500_.jpg,16
470,16,https://m.media-amazon.com/images/I/718wKdCxFTL._SL1500_.jpg,17
471,16,https://m.media-amazon.com/images/I/81Rut9RugHL._SL1500_.jpg,18
472,16,https://m.media-amazon.com/images/I/41hJ2KFkc3L._SS40_.jpg,19
473,16,"https://m.media-amazon.com/images/I/51WVlUQpwGL.SS40_BG85,85,85_BR-120_PKdp-play-icon-overlay__.jpg",20
474,16,https://m.media-amazon.com/images/I/51bOzlFwhhL._SS40_.jpg,21
475,16,https://m.media-amazon.com/images/I/51qKT-5buBL._SS40_.jpg,22
476,16,https://m.media-amazon.com/images/I/416oXcxs-TL._SS40_.jpg,23
477,16,https://m.media-amazon.com/images/I/41v170g37fL._SS40_.jpg,24
478,16,https://m.media-amazon.com/images/I/41HfIsdVekL._SS40_.jpg,25
479,17,https://m.media-amazon.com/images/I/71dd92w7ZaL._SL1500_.jpg,0
480,17,https://m.media-amazon.com/images/I/61Vsr98gZKL._SL1080_.jpg,1
481,17,https://m.media-amazon.com/images/I/61gdapdxb7L._SL1080_.jpg,2
482,17,https://m.media-amazon.com/images/I/61JNAZkEsmL._SL1080_.jpg,3
483,17,https://m.media-amazon.com/images/I/618is56rvnL._SL1080_.jpg,4
484,17,https://m.media-amazon.com/images/I/715V-PrpoZL._SL1500_.jpg,5
485,17,https://m.media-amazon.com/images/I/716YWDXvxZL._SL1500_.jpg,6
486,17,https://m.media-amazon.com/images/I/71h5D9Q2IlL._SL1500_.jpg,7
487,17,https://m.media-amazon.com/images/I/41q+kEPtPcL._SS40_.jpg,8
488,17,"https://m.media-amazon.com/images/I/51m4ZTnfFUL.SS40_BG85,85,85_BR-120_PKdp-play-icon-overlay__.jpg",9
489,17,https://m.media-amazon.com/images/I/41to3PrXDGL._SS40_.jpg,10
490,17,https://m.media-amazon.com/images/I/41uXPShoOJL._SS40_.jpg,11
491,17,https://m.media-amazon.com/images/I/51VcU6yOzoL._SS40_.jpg,12
492,17,https://m.media-amazon.com/images/I/51Oy9Q1vclL._SS40_.jpg,13
493,17,https://m.media-amazon.com/images/I/41CCaUI+hPL._SS40_.jpg,14
518,19,https://m.media-amazon.com/images/I/81QCRdxIRLL._SL1500_.jpg,0
519,19,https://m.media-amazon.com/images/I/71mpYXvcSmL._SL1500_.jpg,1
520,19,https://m.media-amazon.com/images/I/61BXjKNbOIL._SL1080_.jpg,2
521,19,https://m.media-amazon.com/images/I/61xkR83q-dL._SL1080_.jpg,3
522,19,https://m.media-amazon.com/images/I/61cbM95yWnL._SL1080_.jpg,4
523,19,https://m.media-amazon.com/images/I/61HitjyLHLL._SL1080_.jpg,5
524,19,https://m.media-amazon.com/images/I/61n-ZhMhghL._SL1080_.jpg,6
525,19,https://m.media-amazon.com/images/I/61DA+vo1X3L._SL1080_.jpg,7
526,19,https://m.media-amazon.com/images/I/613Spym7-iL._SL1080_.jpg,8
527,19,https://m.media-amazon.com/images/I/61LKYyGTn7L._SL1080_.jpg,9
528,19,https://m.media-amazon.com/images/I/61-uiTjcUAL._SL1080_.jpg,10
529,19,https://m.media-amazon.com/images/I/51viEj9E4hL._SL1080_.jpg,11
530,19,https://m.media-amazon.com/images/I/612de+Mxu8L._SL1080_.jpg,12
531,19,https://m.media-amazon.com/images/I/61KrRWYyLoL._SL1080_.jpg,13
532,19,https://m.media-amazon.com/images/I/61fvuwNsYUL._SL1000_.jpg,14
533,19,https://m.media-amazon.com/images/I/814HgUR0+LL._SL1500_.jpg,15
534,19,https://m.media-amazon.com/images/I/41FHm3D6ziL._SS40_.jpg,16
535,19,"https://m.media-amazon.com/images/I/519FHpRPuPL.SS40_BG85,85,85_BR-120_PKdp-play-icon-overlay__.jpg",17
536,19,https://m.media-amazon.com/images/I/51B0-Yz5YTL._SS40_.jpg,18
537,19,https://m.media-amazon.com/images/I/51fyPrNHktL._SS40_.jpg,19
538,19,https://m.media-amazon.com/images/I/41PMJju+saL._SS40_.jpg,20
539,19,https://m.media-amazon.com/images/I/412MTMo0i0L._SS40_.jpg,21
540,19,https://m.media-amazon.com/images/I/41HB3A1RK5L._SS40_.jpg,22
541,20,https://m.media-amazon.com/images/I/61qlqvTsocL._SL1500_.jpg,0
542,20,https://m.media-amazon.com/images/I/71p+Rn+JgbL._SL1500_.jpg,1
543,20,https://m.media-amazon.com/images/I/71W6EmfwI-L._SL1500_.jpg,2
544,20,https://m.media-amazon.com/images/I/71Mwxs8TX+L._SL1500_.jpg,3
545,20,https://m.media-amazon.com/images/I/71MllJzfDfL._SL1500_.jpg,4
546,20,https://m.media-amazon.com/images/I/71V25H7JYBL._SL1500_.jpg,5
547,20,https://m.media-amazon.com/images/I/71uCkKulN-L._SL1500_.jpg,6
548,20,https://m.media-amazon.com/images/I/71ttlQEQtXL._SL1500_.jpg,7
549,20,https://m.media-amazon.com/images/I/61Y8j1QN5YL._SL1500_.jpg,8
550,20,https://m.media-amazon.com/images/I/71Xsg1rRJkL._SL1500_.jpg,9
551,20,https://m.media-amazon.com/images/I/81D4BNbuv9L._SL1500_.jpg,10
552,20,https://m.media-amazon.com/images/I/71+E49aZZEL._SL1500_.jpg,11
553,20,https://m.media-amazon.com/images/I/7180gkUuyWL._SL1500_.jpg,12
554,20,https://m.media-amazon.com/images/I/71dRlBuuSkL._SL1500_.jpg,13
555,20,https://m.media-amazon.com/images/I/71wnUeqJ5XL._SL1500_.jpg,14
556,20,https://m.media-amazon.com/images/I/718qCOvFb4L._SL1500_.jpg,15
557,20,https://m.media-amazon.com/images/I/71NhzMIc6yL._SL1500_.jpg,16
558,20,https://m.media-amazon.com/images/I/712lN-4vKxL._SL1500_.jpg,17
559,20,https://m.media-amazon.com/images/I/81VaK2cK4gL._SL1500_.jpg,18
560,20,https://m.media-amazon.com/images/I/71vItdV-L+L._SL1500_.jpg,19
561,20,https://m.media-amazon.com/images/I/71ukPxoCMRL._SL1500_.jpg,20
562,20,https://m.media-amazon.com/images/I/41te6o+zQ7L._SS40_.jpg,21
563,20,"https://m.media-amazon.com/images/I/51YUDDqqVDL.SS40_BG85,85,85_BR-120_PKdp-play-icon-overlay__.jpg",22
564,20,https://m.media-amazon.com/images/I/41kYylJBYkL._SS40_.jpg,23
565,20,https://m.media-amazon.com/images/I/41nAF9svceL._SS40_.jpg,24
566,20,https://m.media-amazon.com/images/I/41eMYUiFW-L._SS40_.jpg,25
567,20,https://m.media-amazon.com/images/I/41TDGrobQOL._SS40_.jpg,26
568,20,https://m.media-amazon.com/images/I/41xoWS8Vo+L._SS40_.jpg,27
569,21,https://m.media-amazon.com/images/I/710mh0SzbHL._SL1500_.jpg,0
570,21,https://m.media-amazon.com/images/I/71E9OtyEmyL._SL1500_.jpg,1
571,21,https://m.media-amazon.com/images/I/71vXxm27qbL._SL1500_.jpg,2
572,21,https://m.media-amazon.com/images/I/81LsqtTDv2L._SL1500_.jpg,3
573,21,https://m.media-amazon.com/images/I/71IbTtWfpjL._SL1500_.jpg,4
574,21,https://m.media-amazon.com/images/I/71xOESvzprL._SL1500_.jpg,5
575,21,https://m.media-amazon.com/images/I/711M5fyp0PL._SL1500_.jpg,6
576,21,https://m.media-amazon.com/images/I/61FQKKjen-L._SL1500_.jpg,7
577,21,https://m.media-amazon.com/images/I/71GI0NAW7AL._SL1500_.jpg,8
578,21,https://m.media-amazon.com/images/I/81ffR-hHbmL._SL1500_.jpg,9
579,21,https://m.media-amazon.com/images/I/817pZ0OeLoL._SL1500_.jpg,10
580,21,https://m.media-amazon.com/images/I/61Q9qZfvzkL._SL1500_.jpg,11
581,21,https://m.media-amazon.com/images/I/41Rl4o9Lt+L._SS40_.jpg,12
582,21,"https://m.media-amazon.com/images/I/81TYYTsg0OL.SS40_BG85,85,85_BR-120_PKdp-play-icon-overlay__.jpg",13
583,21,https://m.media-amazon.com/images/I/41I3HLPoFlL._SS40_.jpg,14
584,21,https://m.media-amazon.com/images/I/415tdSEQDYL._SS40_.jpg,15
585,21,https://m.media-amazon.com/images/I/51E1oiqdEML._SS40_.jpg,16
586,21,https://m.media-amazon.com/images/I/51NjBRQO-5L._SS40_.jpg,17
587,21,https://m.media-amazon.com/images/I/41q71jnp68L._SS40_.jpg,18
588,22,https://m.media-amazon.com/images/I/71M+5cFJViL._SL1500_.jpg,0
589,22,https://m.media-amazon.com/images/I/81kNLxG1WcL._SL1500_.jpg,1
590,22,https://m.media-amazon.com/images/I/810w0DmV73L._SL1500_.jpg,2
591,22,https://m.media-amazon.com/images/I/81Cb3PYLLoL._SL1500_.jpg,3
592,22,https://m.media-amazon.com/images/I/71R36hPUkrL._SL1500_.jpg,4
593,22,https://m.media-amazon.com/images/I/71DE-klY-VL._SL1500_.jpg,5
594,22,https://m.media-amazon.com/images/I/81WDEePezIL._SL1500_.jpg,6
595,22,https://m.media-amazon.com/images/I/61PSuy5dZoL._SL1080_.jpg,7
596,22,https://m.media-amazon.com/images/I/41E9miaz30L._SS40_.jpg,8
597,22,"https://m.media-amazon.com/images/I/81YdFHtM94L.SS40_BG85,85,85_BR-120_PKdp-play-icon-overlay__.jpg",9
598,22,https://m.media-amazon.com/images/I/51bHIaNd9gL._SS40_.jpg,10
599,22,https://m.media-amazon.com/images/I/51thM5z11rL._SS40_.jpg,11
600,22,https://m.media-amazon.com/images/I/51UoeKfoeSL._SS40_.jpg,12
601,22,https://m.media-amazon.com/images/I/41xgW8jXPcL._SS40_.jpg,13
602,22,https://m.media-amazon.com/images/I/51QOMFG-YyL._SS40_.jpg,14
603,23,https://m.media-amazon.com/images/I/71-Ia2Gvd0L._SL1500_.jpg,0
604,23,https://m.media-amazon.com/images/I/61t9E-OhILL._SL1500_.jpg,1
605,23,https://m.media-amazon.com/images/I/41Juy2Ot4+L._SL1200_.jpg,2
606,23,https://m.media-amazon.com/images/I/61zkwUVtZIL._SL1500_.jpg,3
607,23,https://m.media-amazon.com/images/I/41Ph0ymN-oL._SS40_.jpg,4
608,23,https://m.media-amazon.com/images/I/411C43fDVNL._SS40_.jpg,5
609,23,https://m.media-amazon.com/images/I/31Xqxvr0EOL._SS40_.jpg,6
610,23,https://m.media-amazon.com/images/I/41rWrt3KApL._SS40_.jpg,7
611,24,https://m.media-amazon.com/images/I/21WXv6rRIBL._SL1060_.jpg,0
612,24,https://m.media-amazon.com/images/I/41T8-UWfrqL._SL1060_.jpg,1
613,24,https://m.media-amazon.com/images/I/41lrzp7QnCL._SL1060_.jpg,2
614,24,https://m.media-amazon.com/images/I/21XXTE0nnZL._SL1060_.jpg,3
615,24,https://m.media-amazon.com/images/I/51bHvUvWrnL._SS40_.jpg,4
616,24,https://m.media-amazon.com/images/I/11YH4X1298L._SS40_.jpg,5
617,24,https://m.media-amazon.com/images/I/41hO-WfuWAL._SS40_.jpg,6
618,24,https://m.media-amazon.com/images/I/21XLcMS2DpL._SS40_.jpg,7
619,24,https://m.media-amazon.com/images/I/21DxGAfg3hL._SS40_.jpg,8
620,24,https://m.media-amazon.com/images/I/11IFkd8UBbL._SS40_.jpg,9
621,25,https://m.media-amazon.com/images/I/61IDcxw27+L._SL1000_.jpg,0
622,25,https://m.media-amazon.com/images/I/6195fQ-HHtL._SL1000_.jpg,1
623,25,https://m.media-amazon.com/images/I/61nKNv5m3bL._SL1000_.jpg,2
624,25,https://m.media-amazon.com/images/I/61uTwPriJGL._SL1000_.jpg,3
625,25,https://m.media-amazon.com/images/I/610uQL5W9kL._SL1000_.jpg,4
626,25,https://m.media-amazon.com/images/I/51vRJfxkMDL._SL1000_.jpg,5
627,25,https://m.media-amazon.com/images/I/61S1xV9eYpL._SL1000_.jpg,6
628,25,https://m.media-amazon.com/images/I/51k2Ka0XDoL._SL1000_.jpg,7
629,25,https://m.media-amazon.com/images/I/51cNQIk3q9L._SL1000_.jpg,8
630,25,https://m.media-amazon.com/images/I/614gx9fziTL._SL1000_.jpg,9
631,25,https://m.media-amazon.com/images/I/61P7fTye1iL._SL1000_.jpg,10
632,25,https://m.media-amazon.com/images/I/61IuKUDcp9L._SL1000_.jpg,11
633,25,https://m.media-amazon.com/images/I/710ltlF8CVL._SL1000_.jpg,12
634,25,https://m.media-amazon.com/images/I/713gw0OdWVL._SL1000_.jpg,13
635,25,https://m.media-amazon.com/images/I/417CM0wB3OL._SS40_.jpg,14
636,25,"https://m.media-amazon.com/images/I/81Rn4X9YmUL.SS40_BG85,85,85_BR-120_PKdp-play-icon-overlay__.jpg",15
637,25,https://m.media-amazon.com/images/I/51PdcraR6cL._SS40_.jpg,16
638,25,https://m.media-amazon.com/images/I/51JRawoV9BL._SS40_.jpg,17
639,25,https://m.media-amazon.com/images/I/41yOuJxBQeL._SS40_.jpg,18
640,25,https://m.media-amazon.com/images/I/412RL6xjuJL._SS40_.jpg,19
641,25,https://m.media-amazon.com/images/I/41ve+N4eGuL._SS40_.jpg,20
642,26,https://m.media-amazon.com/images/I/71k9Z+agn8L._SL1500_.jpg,0
643,26,https://m.media-amazon.com/images/I/71izcTyrhgL._SL1500_.jpg,1
644,26,https://m.media-amazon.com/images/I/712kewcGJaL._SL1500_.jpg,2
645,26,https://m.media-amazon.com/images/I/81dERVN9-3L._SL1500_.jpg,3
646,26,https://m.media-amazon.com/images/I/81CfBPlasKL._SL1500_.jpg,4
647,26,https://m.media-amazon.com/images/I/81o2jr5KARL._SL1500_.jpg,5
648,26,https://m.media-amazon.com/images/I/81ioUa0HJcL._SL1500_.jpg,6
649,26,https://m.media-amazon.com/images/I/81FTT85hapL._SL1500_.jpg,7
650,26,https://m.media-amazon.com/images/I/711j6GBE1-L._SL1500_.jpg,8
651,26,https://m.media-amazon.com/images/I/71wl6XhhL3L._SL1500_.jpg,9
652,26,https://m.media-amazon.com/images/I/81Po3w9Q96L._SL1500_.jpg,10
653,26,https://m.media-amazon.com/images/I/81fJF47FL7L._SL1500_.jpg,11
654,26,https://m.media-amazon.com/images/I/414PYK9yXXL._SS40_.jpg,12
655,26,"https://m.media-amazon.com/images/I/51GEhIlJbPL.SS40_BG85,85,85_BR-120_PKdp-play-icon-overlay__.jpg",13
656,26,https://m.media-amazon.com/images/I/41tV1kDOMiL._SS40_.jpg,14
657,26,https://m.media-amazon.com/images/I/41wNDmKRhAL._SS40_.jpg,15
658,26,https://m.media-amazon.com/images/I/51-UQ8k+O+L._SS40_.jpg,16
659,26,https://m.media-amazon.com/images/I/5111XLKV5PL._SS40_.jpg,17
660,26,https://m.media-amazon.com/images/I/51jbPPq+95L._SS40_.jpg,18
661,27,https://m.media-amazon.com/images/I/71nXEDrIIUL._SL1500_.jpg,0
662,27,https://m.media-amazon.com/images/I/71JqqstzWwL._SL1500_.jpg,1
663,27,https://m.media-amazon.com/images/I/71b4opph3WL._SL1500_.jpg,2
664,27,https://m.media-amazon.com/images/I/71ReouRyojL._SL1500_.jpg,3
665,27,https://m.media-amazon.com/images/I/81mb97dWtkL._SL1500_.jpg,4
666,27,https://m.media-amazon.com/images/I/51wSG2JQW7L._SL1500_.jpg,5
667,27,https://m.media-amazon.com/images/I/71Ipa6Ae8EL._SL1500_.jpg,6
668,27,https://m.media-amazon.com/images/I/71rXyHbN9ZL._SL1500_.jpg,7
669,27,https://m.media-amazon.com/images/I/41ThxqXGQrL._SS40_.jpg,8
670,27,"https://m.media-amazon.com/images/I/51ZYCky7gzL.SS40_BG85,85,85_BR-120_PKdp-play-icon-overlay__.jpg",9
671,27,https://m.media-amazon.com/images/I/41fbTogxK-L._SS40_.jpg,10
672,27,https://m.media-amazon.com/images/I/41vgmyAlxpL._SS40_.jpg,11
673,27,https://m.media-amazon.com/images/I/41AhFc3bBoL._SS40_.jpg,12
674,27,https://m.media-amazon.com/images/I/413Pvprn+4L._SS40_.jpg,13
675,27,https://m.media-amazon.com/images/I/11TGevNXPcL._SS40_.jpg,14
676,4,https://m.media-amazon.com/images/I/71jG+e7roXL._SL1500_.jpg,0
677,4,https://m.media-amazon.com/images/I/71-6roO29AL._SL1500_.jpg,1
678,4,https://m.media-amazon.com/images/I/913iRx-3W-L._SL1500_.jpg,2
679,4,https://m.media-amazon.com/images/I/61uNK7su24L._SL1500_.jpg,3
680,4,https://m.media-amazon.com/images/I/61ChHwbxObL._SL1500_.jpg,4
681,4,https://m.media-amazon.com/images/I/71z-1j187cL._SL1500_.jpg,5
682,4,https://m.media-amazon.com/images/I/71TPda7cwUL._SL1500_.jpg,6
683,4,https://m.media-amazon.com/images/I/71yCKaQXv+L._SL1500_.jpg,7
684,4,https://m.media-amazon.com/images/I/91KREQM8C6L._SL1500_.jpg,8
685,4,https://m.media-amazon.com/images/I/6155Fp7yaSL._SL1500_.jpg,9
686,4,https://m.media-amazon.com/images/I/61stcFwi0vL._SL1500_.jpg,10
687,4,https://m.media-amazon.com/images/I/71U-3BfjvjL._SL1500_.jpg,11
688,4,https://m.media-amazon.com/images/I/316ArzLeJ2L._SS40_.jpg,12
689,4,"https://m.media-amazon.com/images/I/61B1rYhCGzL.SS40_BG85,85,85_BR-120_PKdp-play-icon-overlay__.jpg",13
690,4,https://m.media-amazon.com/images/I/410Is8X6jSL._SS40_.jpg,14
691,4,https://m.media-amazon.com/images/I/417bLev2AmL._SS40_.jpg,15
692,4,https://m.media-amazon.com/images/I/21cr-m0oDgL._SS40_.jpg,16
693,4,https://m.media-amazon.com/images/I/21S4-+VSllL._SS40_.jpg,17
694,4,https://m.media-amazon.com/images/I/31uDXnoCg6L._SS40_.jpg,18
708,29,https://m.media-amazon.com/images/I/61-Y-eWXqtL._SL1080_.jpg,0
709,29,https://m.media-amazon.com/images/I/61FcqvW8+wL._SL1000_.jpg,1
710,29,https://m.media-amazon.com/images/I/61Egbtl06bL._SL1000_.jpg,2
711,29,https://m.media-amazon.com/images/I/614kpZhC+PL._SL1000_.jpg,3
712,29,https://m.media-amazon.com/images/I/61qjpQPhStL._SL1000_.jpg,4
713,29,https://m.media-amazon.com/images/I/61eb3TQ05FL._SL1000_.jpg,5
714,29,https://m.media-amazon.com/images/I/51O+exD+3jL._SL1000_.jpg,6
715,29,https://m.media-amazon.com/images/I/61011zSWUPL._SL1000_.jpg,7
716,29,https://m.media-amazon.com/images/I/41IMroAyzVL._SS40_.jpg,8
717,29,"https://m.media-amazon.com/images/I/51uszRlGAeL.SS40_BG85,85,85_BR-120_PKdp-play-icon-overlay__.jpg",9
718,29,https://m.media-amazon.com/images/I/41DSrfVtrVL._SS40_.jpg,10
719,29,https://m.media-amazon.com/images/I/415LSXdeeAL._SS40_.jpg,11
720,29,https://m.media-amazon.com/images/I/518rVMf4kBL._SS40_.jpg,12
721,29,https://m.media-amazon.com/images/I/51NIuXK4QTL._SS40_.jpg,13
722,29,https://m.media-amazon.com/images/I/51N8p+bIevL._SS40_.jpg,14
723,30,https://m.media-amazon.com/images/I/71YqSAgKL7L._SL1500_.jpg,0
724,30,https://m.media-amazon.com/images/I/71Pj-0+-JxL._SL1500_.jpg,1
725,30,https://m.media-amazon.com/images/I/71GwDwkxvAL._SL1500_.jpg,2
726,30,https://m.media-amazon.com/images/I/81dIx-ugnZL._SL1500_.jpg,3
727,30,https://m.media-amazon.com/images/I/81Ut-lr223L._SL1500_.jpg,4
728,30,https://m.media-amazon.com/images/I/81HTfuI7UcL._SL1500_.jpg,5
729,30,https://m.media-amazon.com/images/I/816wTcT0+CL._SL1500_.jpg,6
730,30,https://m.media-amazon.com/images/I/81844BmaG5L._SL1500_.jpg,7
731,30,https://m.media-amazon.com/images/I/817ND+8ZlwL._SL1500_.jpg,8
732,30,https://m.media-amazon.com/images/I/719SLvnh-mL._SL1500_.jpg,9
733,30,https://m.media-amazon.com/images/I/81rXwg-6MML._SL1500_.jpg,10
734,30,https://m.media-amazon.com/images/I/81mJbx1d9rL._SL1500_.jpg,11
735,30,https://m.media-amazon.com/images/I/712vDCioeRL._SL1500_.jpg,12
736,30,https://m.media-amazon.com/images/I/81pjGRWxcVL._SL1500_.jpg,13
737,30,https://m.media-amazon.com/images/I/71no5vwq-1L._SL1500_.jpg,14
738,30,https://m.media-amazon.com/images/I/71C65+ZGYeL._SL1500_.jpg,15
739,30,https://m.media-amazon.com/images/I/71Jg6WF8ZWL._SL1500_.jpg,16
740,30,https://m.media-amazon.com/images/I/81T7Ukrc+eL._SL1500_.jpg,17
741,30,https://m.media-amazon.com/images/I/81bRlROTekL._SL1500_.jpg,18
742,30,https://m.media-amazon.com/images/I/71QPmmWzn8L._SL1500_.jpg,19
743,30,https://m.media-amazon.com/images/I/81cvPGddCaL._SL1500_.jpg,20
744,30,https://m.media-amazon.com/images/I/71VJs2Ts0dL._SL1500_.jpg,21
745,30,https://m.media-amazon.com/images/I/819cTOxQM2L._SL1500_.jpg,22
746,30,https://m.media-amazon.com/images/I/71sLJQyqEjL._SL1500_.jpg,23
747,30,https://m.media-amazon.com/images/I/813RmE4c6SL._SL1500_.jpg,24
748,30,https://m.media-amazon.com/images/I/81pnG2sjSZL._SL1500_.jpg,25
749,30,https://m.media-amazon.com/images/I/71glmDaHiUL._SL1500_.jpg,26
750,30,https://m.media-amazon.com/images/I/715hsbLbLRL._SL1500_.jpg,27
751,30,https://m.media-amazon.com/images/I/61P9Hehi7-L._SL1080_.jpg,28
752,30,https://m.media-amazon.com/images/I/61TMeB0M28L._SL1080_.jpg,29
753,30,https://m.media-amazon.com/images/I/61nUuNxYMcL._SL1080_.jpg,30
754,30,https://m.media-amazon.com/images/I/61zoc+VYcAL._SL1080_.jpg,31
755,30,https://m.media-amazon.com/images/I/614XAxleTAL._SL1080_.jpg,32
756,30,https://m.media-amazon.com/images/I/61RElL6O-9L._SL1080_.jpg,33
757,30,https://m.media-amazon.com/images/I/61kKoLMnMkL._SL1080_.jpg,34
758,30,https://m.media-amazon.com/images/I/71Evr2A5u-L._SL1500_.jpg,35
759,30,https://m.media-amazon.com/images/I/71y9kWJDoLL._SL1500_.jpg,36
760,30,https://m.media-amazon.com/images/I/71NBGwijojL._SL1500_.jpg,37
761,30,https://m.media-amazon.com/images/I/718Ttv4KAKL._SL1500_.jpg,38
762,30,https://m.media-amazon.com/images/I/71yriGjsAkL._SL1500_.jpg,39
763,30,https://m.media-amazon.com/images/I/71Ku6vDcZdL._SL1500_.jpg,40
764,30,https://m.media-amazon.com/images/I/71kbkemfi1L._SL1500_.jpg,41
765,30,https://m.media-amazon.com/images/I/71ZeOAaSQiL._SL1500_.jpg,42
766,30,https://m.media-amazon.com/images/I/71mt7bt+1vL._SL1500_.jpg,43
767,30,https://m.media-amazon.com/images/I/71MFKjoy7lL._SL1500_.jpg,44
768,30,https://m.media-amazon.com/images/I/71cBIijSPnL._SL1500_.jpg,45
769,30,https://m.media-amazon.com/images/I/81smLFGs9TL._SL1500_.jpg,46
770,30,https://m.media-amazon.com/images/I/712yshJxbSL._SL1500_.jpg,47
771,30,https://m.media-amazon.com/images/I/41wSBrwlWML._SS40_.jpg,48
772,30,"https://m.media-amazon.com/images/I/81QNbA5-cHL.SS40_BG85,85,85_BR-120_PKdp-play-icon-overlay__.jpg",49
773,30,https://m.media-amazon.com/images/I/41qp5+qW1DL._SS40_.jpg,50
774,30,https://m.media-amazon.com/images/I/41EUMO4aSnL._SS40_.jpg,51
775,30,https://m.media-amazon.com/images/I/518TBbDDPSL._SS40_.jpg,52
776,30,https://m.media-amazon.com/images/I/51INn4+XsHL._SS40_.jpg,53
777,30,https://m.media-amazon.com/images/I/51pdaVFiSXL._SS40_.jpg,54
778,31,https://m.media-amazon.com/images/I/71bagLp2sXL._SL1500_.jpg,0
779,31,https://m.media-amazon.com/images/I/71BclPNk+iL._SL1500_.jpg,1
780,31,https://m.media-amazon.com/images/I/71ky1PJtOpL._SL1500_.jpg,2
781,31,https://m.media-amazon.com/images/I/81RcrU0cJnL._SL1500_.jpg,3
782,31,https://m.media-amazon.com/images/I/812vjaX4fAL._SL1500_.jpg,4
783,31,https://m.media-amazon.com/images/I/81vGihiPisL._SL1500_.jpg,5
784,31,https://m.media-amazon.com/images/I/71X68fa60aL._SL1500_.jpg,6
785,31,https://m.media-amazon.com/images/I/71TYgwF4hQL._SL1500_.jpg,7
786,31,https://m.media-amazon.com/images/I/71pBZb4qmgL._SL1500_.jpg,8
787,31,https://m.media-amazon.com/images/I/819aXR3xsmL._SL1500_.jpg,9
788,31,https://m.media-amazon.com/images/I/81elEbyfknL._SL1500_.jpg,10
789,31,https://m.media-amazon.com/images/I/41TzA2xrH+L._SS40_.jpg,11
790,31,"https://m.media-amazon.com/images/I/51Rd1qCjYuL.SS40_BG85,85,85_BR-120_PKdp-play-icon-overlay__.jpg",12
791,31,https://m.media-amazon.com/images/I/51Gq9f5rgcL._SS40_.jpg,13
792,31,https://m.media-amazon.com/images/I/41tZy+VCnmL._SS40_.jpg,14
793,31,https://m.media-amazon.com/images/I/51U5kA2BZ9L._SS40_.jpg,15
794,31,https://m.media-amazon.com/images/I/51bkHM2zRoL._SS40_.jpg,16
795,31,https://m.media-amazon.com/images/I/51Gmoc4cO5L._SS40_.jpg,17
796,32,https://m.media-amazon.com/images/I/71-I1PNzLSL._SL1500_.jpg,0
797,32,https://m.media-amazon.com/images/I/7187lWQ+dEL._SL1500_.jpg,1
798,32,https://m.media-amazon.com/images/I/71svtDj9G2L._SL1500_.jpg,2
799,32,https://m.media-amazon.com/images/I/81ydFgb+BVL._SL1500_.jpg,3
800,32,https://m.media-amazon.com/images/I/81W5jkiXn9L._SL1500_.jpg,4
801,32,https://m.media-amazon.com/images/I/71t2TokaFgL._SL1500_.jpg,5
802,32,https://m.media-amazon.com/images/I/81i+jzrKb-L._SL1500_.jpg,6
803,32,https://m.media-amazon.com/images/I/719vrh6IUYL._SL1500_.jpg,7
804,32,https://m.media-amazon.com/images/I/718KyyGEJXL._SL1500_.jpg,8
805,32,https://m.media-amazon.com/images/I/81e8mLbIxyL._SL1500_.jpg,9
806,32,https://m.media-amazon.com/images/I/71uCCEATdHL._SL1500_.jpg,10
807,32,https://m.media-amazon.com/images/I/61BS6cLHj8L._SL1500_.jpg,11
808,32,https://m.media-amazon.com/images/I/415xJ1nXK3L._SS40_.jpg,12
809,32,"https://m.media-amazon.com/images/I/51Uq7UizENL.SS40_BG85,85,85_BR-120_PKdp-play-icon-overlay__.jpg",13
810,32,https://m.media-amazon.com/images/I/41as8UPMUSL._SS40_.jpg,14
811,32,https://m.media-amazon.com/images/I/410lmrmEbmL._SS40_.jpg,15
812,32,https://m.media-amazon.com/images/I/51I9ztBu8+L._SS40_.jpg,16
813,32,https://m.media-amazon.com/images/I/51G7HkBOQxL._SS40_.jpg,17
814,32,https://m.media-amazon.com/images/I/41ZoxUdoDBL._SS40_.jpg,18
815,33,https://m.media-amazon.com/images/I/71--62aSasL._SL1500_.jpg,0
816,33,https://m.media-amazon.com/images/I/61x7lDXlXhL._SL1080_.jpg,1
817,33,https://m.media-amazon.com/images/I/61SP+G7C9oL._SL1080_.jpg,2
818,33,https://m.media-amazon.com/images/I/61WXZhOOjTL._SL1080_.jpg,3
819,33,https://m.media-amazon.com/images/I/61jWRrzOZpL._SL1080_.jpg,4
820,33,https://m.media-amazon.com/images/I/61H4iotWV2L._SL1080_.jpg,5
821,33,https://m.media-amazon.com/images/I/61OUIye7kNL._SL1080_.jpg,6
822,33,https://m.media-amazon.com/images/I/51EQUYG76CL._SL1080_.jpg,7
823,33,https://m.media-amazon.com/images/I/61hNd4f-9qL._SL1080_.jpg,8
824,33,https://m.media-amazon.com/images/I/61fvuwNsYUL._SL1000_.jpg,9
825,33,https://m.media-amazon.com/images/I/61j8sfFCCPL._SL1500_.jpg,10
826,33,https://m.media-amazon.com/images/I/61Gmlf8jJdL._SL1080_.jpg,11
827,33,https://m.media-amazon.com/images/I/61PdhEgFRTL._SL1080_.jpg,12
828,33,https://m.media-amazon.com/images/I/61cbM95yWnL._SL1080_.jpg,13
829,33,https://m.media-amazon.com/images/I/61uXQhbNmML._SL1080_.jpg,14
830,33,https://m.media-amazon.com/images/I/61vIFvb8VFL._SL1080_.jpg,15
831,33,https://m.media-amazon.com/images/I/61TEmmVFT3L._SL1080_.jpg,16
832,33,https://m.media-amazon.com/images/I/613Spym7-iL._SL1080_.jpg,17
833,33,https://m.media-amazon.com/images/I/61ENUXXQLqL._SL1080_.jpg,18
834,33,https://m.media-amazon.com/images/I/61uJRC9yZWL._SL1080_.jpg,19
835,33,https://m.media-amazon.com/images/I/51LJ6i-QM3L._SL1080_.jpg,20
836,33,https://m.media-amazon.com/images/I/61AclpaCrCL._SL1080_.jpg,21
837,33,https://m.media-amazon.com/images/I/61S3Fkcj-ML._SL1080_.jpg,22
838,33,https://m.media-amazon.com/images/I/61Z33VvW9GL._SL1080_.jpg,23
839,33,https://m.media-amazon.com/images/I/61NKC7oRDjL._SL1080_.jpg,24
840,33,https://m.media-amazon.com/images/I/61rD8pLmnzL._SL1080_.jpg,25
841,33,https://m.media-amazon.com/images/I/51lc7yK13wL._SL1080_.jpg,26
842,33,https://m.media-amazon.com/images/I/51ogdx1gOtL._SL1080_.jpg,27
843,33,https://m.media-amazon.com/images/I/61n1O02VCRL._SL1080_.jpg,28
844,33,https://m.media-amazon.com/images/I/616tCFUybPL._SL1080_.jpg,29
845,33,https://m.media-amazon.com/images/I/61DjLQnnBJL._SL1080_.jpg,30
846,33,https://m.media-amazon.com/images/I/41kFnuWKSfL._SS40_.jpg,31
847,33,"https://m.media-amazon.com/images/I/51VqzUJ2LCL.SS40_BG85,85,85_BR-120_PKdp-play-icon-overlay__.jpg",32
848,33,https://m.media-amazon.com/images/I/41wUd5GMPfL._SS40_.jpg,33
849,33,https://m.media-amazon.com/images/I/51rIO4+LVUL._SS40_.jpg,34
850,33,https://m.media-amazon.com/images/I/51hBpxYlM9L._SS40_.jpg,35
851,33,https://m.media-amazon.com/images/I/51MsDmDmlpL._SS40_.jpg,36
852,33,https://m.media-amazon.com/images/I/41otbzaNLZL._SS40_.jpg,37
878,35,https://m.media-amazon.com/images/I/81s4wKEliIL._SL1315_.jpg,0
879,35,https://m.media-amazon.com/images/I/81NPBtwGbVL._SL1080_.jpg,1
880,35,https://m.media-amazon.com/images/I/71jnoxvsbOL._SL1080_.jpg,2
881,35,https://m.media-amazon.com/images/I/51Sb9R1jAnL._SL1080_.jpg,3
882,35,https://m.media-amazon.com/images/I/71AhtRntziL._SL1080_.jpg,4
883,35,https://m.media-amazon.com/images/I/716hc3NQMdL._SL1080_.jpg,5
884,35,https://m.media-amazon.com/images/I/81ryNdYePXL._SL1486_.jpg,6
885,35,https://m.media-amazon.com/images/I/71LHv0FBH8L._SL1080_.jpg,7
886,35,https://m.media-amazon.com/images/I/613UulTcyaL._SL1080_.jpg,8
887,35,https://m.media-amazon.com/images/I/518I2uJVUFL._SL1080_.jpg,9
888,35,https://m.media-amazon.com/images/I/71o3Q4dSY1L._SL1080_.jpg,10
889,35,https://m.media-amazon.com/images/I/71amCeyEZgL._SL1080_.jpg,11
890,35,https://m.media-amazon.com/images/I/819-2gnxg3L._SL1478_.jpg,12
891,35,https://m.media-amazon.com/images/I/51-nsGgkn-L._SL1080_.jpg,13
892,35,https://m.media-amazon.com/images/I/51cuZJfdqRL._SL1080_.jpg,14
893,35,https://m.media-amazon.com/images/I/51YqwpLj-GL._SL1080_.jpg,15
894,35,https://m.media-amazon.com/images/I/51dwxZ+bDaL._SL1080_.jpg,16
895,35,https://m.media-amazon.com/images/I/61o0vn5z0mL._SL1080_.jpg,17
896,35,https://m.media-amazon.com/images/I/61JXMf+x3vL._SL1200_.jpg,18
897,35,https://m.media-amazon.com/images/I/61pzLYTftkL._SL1500_.jpg,19
898,35,https://m.media-amazon.com/images/I/61i9lcCW-0L._SL1500_.jpg,20
899,35,https://m.media-amazon.com/images/I/4154nCPCBaL._SS40_.jpg,21
900,35,"https://m.media-amazon.com/images/I/51ywZVqMX+L.SS40_BG85,85,85_BR-120_PKdp-play-icon-overlay__.jpg",22
901,35,https://m.media-amazon.com/images/I/519Lz9cvxEL._SS40_.jpg,23
902,35,https://m.media-amazon.com/images/I/51zRRGutx3L._SS40_.jpg,24
903,35,https://m.media-amazon.com/images/I/31YZSte1AqL._SS40_.jpg,25
904,35,https://m.media-amazon.com/images/I/51DNCFmcjVL._SS40_.jpg,26
905,35,https://m.media-amazon.com/images/I/51J0Zqd3nJL._SS40_.jpg,27
906,36,https://m.media-amazon.com/images/I/71iyBsDDwQL._SL1500_.jpg,0
907,36,https://m.media-amazon.com/images/I/81Ft++won1L._SL1500_.jpg,1
908,36,https://m.media-amazon.com/images/I/817a6oZKgYL._SL1500_.jpg,2
909,36,https://m.media-amazon.com/images/I/81inkmjBMXL._SL1500_.jpg,3
910,36,https://m.media-amazon.com/images/I/81LOggjW4AL._SL1500_.jpg,4
911,36,https://m.media-amazon.com/images/I/81zkENEqyiL._SL1500_.jpg,5
912,36,https://m.media-amazon.com/images/I/71LO6E36p5L._SL1500_.jpg,6
913,36,https://m.media-amazon.com/images/I/71ugyAkCg-L._SL1500_.jpg,7
914,36,https://m.media-amazon.com/images/I/816Gv8iotaL._SL1500_.jpg,8
915,36,https://m.media-amazon.com/images/I/71rGdj1AfcL._SL1500_.jpg,9
916,36,https://m.media-amazon.com/images/I/81IWBiuyFdL._SL1500_.jpg,10
917,36,https://m.media-amazon.com/images/I/81ACLb4cyfL._SL1500_.jpg,11
918,36,https://m.media-amazon.com/images/I/41dVf04nhQL._SS40_.jpg,12
919,36,"https://m.media-amazon.com/images/I/81Z+prxWqBL.SS40_BG85,85,85_BR-120_PKdp-play-icon-overlay__.jpg",13
920,36,https://m.media-amazon.com/images/I/51r+6t-JRqL._SS40_.jpg,14
921,36,https://m.media-amazon.com/images/I/51t2ASM1oGL._SS40_.jpg,15
922,36,https://m.media-amazon.com/images/I/41HEfk+QYlL._SS40_.jpg,16
923,36,https://m.media-amazon.com/images/I/41Sp8vf5EOL._SS40_.jpg,17
924,36,https://m.media-amazon.com/images/I/41EVTToHG+L._SS40_.jpg,18
925,37,https://m.media-amazon.com/images/I/718ba2SBJYL._SL1500_.jpg,0
926,37,https://m.media-amazon.com/images/I/71fmvfFhosL._SL1500_.jpg,1
927,37,https://m.media-amazon.com/images/I/71Ze2shBKPL._SL1500_.jpg,2
928,37,https://m.media-amazon.com/images/I/81IraUqwWyL._SL1500_.jpg,3
929,37,https://m.media-amazon.com/images/I/717LkT+t-ML._SL1500_.jpg,4
930,37,https://m.media-amazon.com/images/I/81eweYnZGXL._SL1500_.jpg,5
931,37,https://m.media-amazon.com/images/I/81jAkZGWJBL._SL1500_.jpg,6
932,37,https://m.media-amazon.com/images/I/71j23MLumCL._SL1500_.jpg,7
933,37,https://m.media-amazon.com/images/I/71iYDTSlvVL._SL1500_.jpg,8
934,37,https://m.media-amazon.com/images/I/61R9-sd4RhL._SL1500_.jpg,9
935,37,https://m.media-amazon.com/images/I/71D-jutzt3L._SL1500_.jpg,10
936,37,https://m.media-amazon.com/images/I/61IKa-v92BL._SL1500_.jpg,11
937,37,https://m.media-amazon.com/images/I/41wbT17LPOL._SS40_.jpg,12
938,37,"https://m.media-amazon.com/images/I/81s2VH7v05L.SS40_BG85,85,85_BR-120_PKdp-play-icon-overlay__.jpg",13
939,37,https://m.media-amazon.com/images/I/411GqOxqEnL._SS40_.jpg,14
940,37,https://m.media-amazon.com/images/I/41hIifJXapL._SS40_.jpg,15
941,37,https://m.media-amazon.com/images/I/51S4QA8WyJL._SS40_.jpg,16
942,37,https://m.media-amazon.com/images/I/512ZRNFE8KL._SS40_.jpg,17
943,37,https://m.media-amazon.com/images/I/51hHqapGgvL._SS40_.jpg,18
944,38,https://m.media-amazon.com/images/I/71Zf9uUp+GL._SL1500_.jpg,0
945,38,https://m.media-amazon.com/images/I/61GC3dc1skL._SL1000_.jpg,1
946,38,https://m.media-amazon.com/images/I/61RY+DwiGkL._SL1000_.jpg,2
947,38,https://m.media-amazon.com/images/I/61IBFHbm--L._SL1000_.jpg,3
948,38,https://m.media-amazon.com/images/I/61eXq6ZeymL._SL1000_.jpg,4
949,38,https://m.media-amazon.com/images/I/71FY4-o9i0L._SL1500_.jpg,5
950,38,https://m.media-amazon.com/images/I/71vrsaHlI7L._SL1500_.jpg,6
951,38,https://m.media-amazon.com/images/I/51aYKwgu-GL._SS40_.jpg,7
952,38,"https://m.media-amazon.com/images/I/51R7XnISvjL.SS40_BG85,85,85_BR-120_PKdp-play-icon-overlay__.jpg",8
953,38,https://m.media-amazon.com/images/I/512u1NC3aXL._SS40_.jpg,9
954,38,https://m.media-amazon.com/images/I/4194q56fDSL._SS40_.jpg,10
955,38,https://m.media-amazon.com/images/I/51g8+GVu7iL._SS40_.jpg,11
956,38,https://m.media-amazon.com/images/I/51I4x5m7b6L._SS40_.jpg,12
957,38,https://m.media-amazon.com/images/I/41-pTKKYteL._SS40_.jpg,13
958,39,https://m.media-amazon.com/images/I/71cbbGm02pL._SL1500_.jpg,0
959,39,https://m.media-amazon.com/images/I/61nwI2IiWZL._SL1500_.jpg,1
960,39,https://m.media-amazon.com/images/I/612onuj8IlL._SL1500_.jpg,2
961,39,https://m.media-amazon.com/images/I/51lZ+sgGF8L._SL1200_.jpg,3
962,39,https://m.media-amazon.com/images/I/41Qhcr9meNL._SL1200_.jpg,4
963,39,https://m.media-amazon.com/images/I/41zJahsv4SL._SL1200_.jpg,5
964,39,https://m.media-amazon.com/images/I/41aYPSm-B7L._SS40_.jpg,6
965,39,"https://m.media-amazon.com/images/I/51wVbobLgKL.SS40_BG85,85,85_BR-120_PKdp-play-icon-overlay__.jpg",7
966,39,https://m.media-amazon.com/images/I/41gdDFCywhL._SS40_.jpg,8
967,39,https://m.media-amazon.com/images/I/4157JA3ogCL._SS40_.jpg,9
968,39,https://m.media-amazon.com/images/I/21g81wzXJQL._SS40_.jpg,10
969,39,https://m.media-amazon.com/images/I/21GLFhe6aJL._SS40_.jpg,11
970,39,https://m.media-amazon.com/images/I/11b8znZmZeL._SS40_.jpg,12
971,40,https://m.media-amazon.com/images/I/81fvJauBWDL._SL1500_.jpg,0
972,40,https://m.media-amazon.com/images/I/61hqaRHpl7L._SL1080_.jpg,1
973,40,https://m.media-amazon.com/images/I/81nCNmgtLHL._SL1500_.jpg,2
974,40,https://m.media-amazon.com/images/I/61zp01WwseL._SL1080_.jpg,3
975,40,https://m.media-amazon.com/images/I/61qDZQ6NOCL._SL1080_.jpg,4
976,40,https://m.media-amazon.com/images/I/61iF-rP8xJL._SL1080_.jpg,5
977,40,https://m.media-amazon.com/images/I/71CSjAsiHnL._SL1500_.jpg,6
978,40,https://m.media-amazon.com/images/I/61pGi-72gaL._SL1080_.jpg,7
979,40,https://m.media-amazon.com/images/I/71nGEg04PtL._SL1500_.jpg,8
980,40,https://m.media-amazon.com/images/I/61TsK2FwDNL._SL1080_.jpg,9
981,40,https://m.media-amazon.com/images/I/61S+RtC-6KL._SL1080_.jpg,10
982,40,https://m.media-amazon.com/images/I/61-hOqjqGCL._SL1080_.jpg,11
983,40,https://m.media-amazon.com/images/I/61uc663wFgL._SL1080_.jpg,12
984,40,https://m.media-amazon.com/images/I/7182A3HpuML._SL1500_.jpg,13
985,40,https://m.media-amazon.com/images/I/716ooz0iK8L._SL1500_.jpg,14
986,40,https://m.media-amazon.com/images/I/61M-6cVUVDL._SL1500_.jpg,15
987,40,https://m.media-amazon.com/images/I/81Tj8G57-WL._SL1500_.jpg,16
988,40,https://m.media-amazon.com/images/I/61gWo7sMzpL._SL1080_.jpg,17
989,40,https://m.media-amazon.com/images/I/71VUfsOv6UL._SL1500_.jpg,18
990,40,https://m.media-amazon.com/images/I/51U+4FeBq3L._SL1500_.jpg,19
991,40,https://m.media-amazon.com/images/I/71sspiqdfsL._SL1500_.jpg,20
992,40,https://m.media-amazon.com/images/I/8169tiQDEHL._SL1500_.jpg,21
993,40,https://m.media-amazon.com/images/I/81iiHfKu-iL._SL1500_.jpg,22
994,40,https://m.media-amazon.com/images/I/51R3TKLjTwL._SL1080_.jpg,23
995,40,https://m.media-amazon.com/images/I/61o5qu9M3mL._SL1080_.jpg,24
996,40,https://m.media-amazon.com/images/I/61cNDl0PttL._SL1080_.jpg,25
997,40,https://m.media-amazon.com/images/I/61ApAZetTEL._SL1080_.jpg,26
998,40,https://m.media-amazon.com/images/I/615dpbWAbaL._SL1080_.jpg,27
999,40,https://m.media-amazon.com/images/I/61ZALQlYqOL._SL1500_.jpg,28
1000,40,https://m.media-amazon.com/images/I/51kcCwBLDzL._SL1500_.jpg,29
1001,40,https://m.media-amazon.com/images/I/51pk+pcxkkL._SL1500_.jpg,30
1002,40,https://m.media-amazon.com/images/I/51ttDF6-FuL._SL1500_.jpg,31
1003,40,https://m.media-amazon.com/images/I/71V--AbrwwL._SL1500_.jpg,32
1004,40,https://m.media-amazon.com/images/I/61nGT2qRCaL._SL1500_.jpg,33
1005,40,https://m.media-amazon.com/images/I/51sz9Jvxi5L._SL1500_.jpg,34
1006,40,https://m.media-amazon.com/images/I/51EFSl7ox3L._SL1500_.jpg,35
1007,40,https://m.media-amazon.com/images/I/51jc3cxXtLL._SL1500_.jpg,36
1008,40,https://m.media-amazon.com/images/I/71CENs9GqqL._SL1500_.jpg,37
1009,40,https://m.media-amazon.com/images/I/41QJCqM4ngL._SS40_.jpg,38
1010,40,"https://m.media-amazon.com/images/I/51TxHfubcgL.SS40_BG85,85,85_BR-120_PKdp-play-icon-overlay__.jpg",39
1011,40,https://m.media-amazon.com/images/I/41LLjMssImL._SS40_.jpg,40
1012,40,https://m.media-amazon.com/images/I/517QP4TEAUL._SS40_.jpg,41
1013,40,https://m.media-amazon.com/images/I/41LLO3rIZlL._SS40_.jpg,42
1014,40,https://m.media-amazon.com/images/I/518vah6O-pL._SS40_.jpg,43
1015,40,https://m.media-amazon.com/images/I/41IgTxyB8EL._SS40_.jpg,44
1016,41,https://m.media-amazon.com/images/I/71w7I7krBVL._SL1500_.jpg,0
1017,41,https://m.media-amazon.com/images/I/7127peTxnTL._SL1500_.jpg,1
1018,41,https://m.media-amazon.com/images/I/71HKFx4pSDL._SL1500_.jpg,2
1019,41,https://m.media-amazon.com/images/I/71XzVKAX7HL._SL1500_.jpg,3
1020,41,https://m.media-amazon.com/images/I/617dKe0F6bL._SL1500_.jpg,4
1021,41,https://m.media-amazon.com/images/I/71hrnsNHIeL._SL1500_.jpg,5
1022,41,https://m.media-amazon.com/images/I/61ws43CWeBL._SL1500_.jpg,6
1023,41,https://m.media-amazon.com/images/I/611V49wUwoL._SL1500_.jpg,7
1024,41,https://m.media-amazon.com/images/I/61ZrakB-XpL._SL1500_.jpg,8
1025,41,https://m.media-amazon.com/images/I/81nZKAj4GZL._SL1500_.jpg,9
1026,41,https://m.media-amazon.com/images/I/71FlIwuGB0L._SL1500_.jpg,10
1027,41,https://m.media-amazon.com/images/I/61TwqQeG54L._SL1500_.jpg,11
1028,41,https://m.media-amazon.com/images/I/71LAxEp048L._SL1500_.jpg,12
1029,41,https://m.media-amazon.com/images/I/81rV1LM0A8L._SL1500_.jpg,13
1030,41,https://m.media-amazon.com/images/I/81nq36tQ8UL._SL1500_.jpg,14
1031,41,https://m.media-amazon.com/images/I/815RlgLSSyL._SL1500_.jpg,15
1032,41,https://m.media-amazon.com/images/I/7114iLw0ImL._SL1500_.jpg,16
1033,41,https://m.media-amazon.com/images/I/71Gob13lHpL._SL1500_.jpg,17
1034,41,https://m.media-amazon.com/images/I/61PtlDRcvsL._SL1500_.jpg,18
1035,41,https://m.media-amazon.com/images/I/81qK8+LasBL._SL1500_.jpg,19
1036,41,https://m.media-amazon.com/images/I/71z2UDc719L._SL1500_.jpg,20
1037,41,https://m.media-amazon.com/images/I/81L5xUAhqJL._SL1500_.jpg,21
1038,41,https://m.media-amazon.com/images/I/71YfsHqWcdL._SL1500_.jpg,22
1039,41,https://m.media-amazon.com/images/I/71GypCk0cDL._SL1500_.jpg,23
1040,41,https://m.media-amazon.com/images/I/710CyUm41VL._SL1500_.jpg,24
1041,41,https://m.media-amazon.com/images/I/91diD4sfs-L._SL1500_.jpg,25
1042,41,https://m.media-amazon.com/images/I/81OdCXueLVL._SL1500_.jpg,26
1043,41,https://m.media-amazon.com/images/I/711BifIOFzL._SL1500_.jpg,27
1044,41,https://m.media-amazon.com/images/I/81tVjlAyEeL._SL1500_.jpg,28
1045,41,https://m.media-amazon.com/images/I/81fQdEpWpEL._SL1500_.jpg,29
1046,41,https://m.media-amazon.com/images/I/71HUlM1KCFL._SL1500_.jpg,30
1047,41,https://m.media-amazon.com/images/I/71P9-8oSKzL._SL1500_.jpg,31
1048,41,https://m.media-amazon.com/images/I/71s7ng1nu2L._SL1500_.jpg,32
1049,41,https://m.media-amazon.com/images/I/61qSp8RJbxL._SL1500_.jpg,33
1050,41,https://m.media-amazon.com/images/I/81v1zl0pF1L._SL1500_.jpg,34
1051,41,https://m.media-amazon.com/images/I/71sWKu01PWL._SL1500_.jpg,35
1052,41,https://m.media-amazon.com/images/I/71KByGqMFyL._SL1500_.jpg,36
1053,41,https://m.media-amazon.com/images/I/71V6L-IodzL._SL1500_.jpg,37
1054,41,https://m.media-amazon.com/images/I/71EwQWH7UvL._SL1500_.jpg,38
1055,41,https://m.media-amazon.com/images/I/813dYULGHgL._SL1500_.jpg,39
1056,41,https://m.media-amazon.com/images/I/71vUZ62W1+L._SL1500_.jpg,40
1057,41,https://m.media-amazon.com/images/I/81mBFsgIoSL._SL1500_.jpg,41
1058,41,https://m.media-amazon.com/images/I/71NEYLCSOIL._SL1500_.jpg,42
1059,41,https://m.media-amazon.com/images/I/81jhpa3mhEL._SL1500_.jpg,43
1060,41,https://m.media-amazon.com/images/I/81akdlsdfFL._SL1500_.jpg,44
1061,41,https://m.media-amazon.com/images/I/712OVL8N35L._SL1500_.jpg,45
1062,41,https://m.media-amazon.com/images/I/81aUkq4lkPL._SL1500_.jpg,46
1063,41,https://m.media-amazon.com/images/I/81UeNnjp4PL._SL1500_.jpg,47
1064,41,https://m.media-amazon.com/images/I/71PXcX+URSL._SL1500_.jpg,48
1065,41,https://m.media-amazon.com/images/I/71eZV85uR0L._SL1500_.jpg,49
1066,41,https://m.media-amazon.com/images/I/71Xq3q9lHfL._SL1500_.jpg,50
1067,41,https://m.media-amazon.com/images/I/81DZy9RL4oL._SL1500_.jpg,51
1068,41,https://m.media-amazon.com/images/I/71rl2cqp8fL._SL1500_.jpg,52
1069,41,https://m.media-amazon.com/images/I/7105KWjkhQL._SL1500_.jpg,53
1070,41,https://m.media-amazon.com/images/I/81PHKKHwstL._SL1500_.jpg,54
1071,41,https://m.media-amazon.com/images/I/811dh8zZHbL._SL1500_.jpg,55
1072,41,https://m.media-amazon.com/images/I/918GTLdmemL._SL1500_.jpg,56
1073,41,https://m.media-amazon.com/images/I/71+pVE2-fVL._SL1500_.jpg,57
1074,41,https://m.media-amazon.com/images/I/41l0bTWtd0L._SS40_.jpg,58
1075,41,"https://m.media-amazon.com/images/I/5113SFH2FiL.SS40_BG85,85,85_BR-120_PKdp-play-icon-overlay__.jpg",59
1076,41,https://m.media-amazon.com/images/I/51LDbtKrAUL._SS40_.jpg,60
1077,41,https://m.media-amazon.com/images/I/41i9Dgt5lrL._SS40_.jpg,61
1078,41,https://m.media-amazon.com/images/I/41NpzCtrWhL._SS40_.jpg,62
1079,41,https://m.media-amazon.com/images/I/41zlH1AUvML._SS40_.jpg,63
1080,41,https://m.media-amazon.com/images/I/41+25weUG0L._SS40_.jpg,64
1081,42,https://m.media-amazon.com/images/I/71-S1RFX3qL._SL1500_.jpg,0
